NET_CLOSING_BAL_FLAG,AUTOMATE_SEC_JRNL_REV_FLAG,TRANSLATE_EOD_FLAG,TRANSLATE_QATD_FLAG,TRANSLATE_YATD_FLAG,TRANSACTION_CALENDAR_ID,CONFIGURATION_ID,CHART_OF_ACCOUNTS_ID,CURRENCY_CODE,PERIOD_SET_NAME,ACCOUNTED_PERIOD_TYPE,FIRST_LEDGER_PERIOD_NAME,RET_EARN_CODE_COMBINATION_ID,SUSPENSE_ALLOWED_FLAG,ALLOW_INTERCOMPANY_POST_FLAG,TRACK_ROUNDING_IMBALANCE_FLAG,ENABLE_AVERAGE_BALANCES_FLAG,CUM_TRANS_CODE_COMBINATION_ID,RES_ENCUMB_CODE_COMBINATION_ID,NET_INCOME_CODE_COMBINATION_ID,ROUNDING_CODE_COMBINATION_ID,ENABLE_BUDGETARY_CONTROL_FLAG,REQUIRE_BUDGET_JOURNALS_FLAG,ENABLE_JE_APPROVAL_FLAG,ENABLE_AUTOMATIC_TAX_FLAG,CONSOLIDATION_LEDGER_FLAG,ATTRIBUTE5,ATTRIBUTE6,ATTRIBUTE7,ATTRIBUTE8,ATTRIBUTE9,ATTRIBUTE10,ATTRIBUTE11,ATTRIBUTE12,ATTRIBUTE13,ATTRIBUTE14,ATTRIBUTE15,ENABLE_RECONCILIATION_FLAG,CREATE_JE_FLAG,SLA_LEDGER_CASH_BASIS_FLAG,COMPLETE_FLAG,LEDGER_ID,NAME,SHORT_NAME,DESCRIPTION,LEDGER_CATEGORY_CODE,ALC_LEDGER_TYPE_CODE,OBJECT_TYPE_CODE,LE_LEDGER_TYPE_CODE,COMPLETION_STATUS_CODE,BAL_SEG_VALUE_OPTION_CODE,BAL_SEG_COLUMN_NAME,MGT_SEG_VALUE_OPTION_CODE,MGT_SEG_COLUMN_NAME,BAL_SEG_VALUE_SET_ID,MGT_SEG_VALUE_SET_ID,IMPLICIT_ACCESS_SET_ID,CRITERIA_SET_ID,FUTURE_ENTERABLE_PERIODS_LIMIT,LEDGER_ATTRIBUTES,IMPLICIT_LEDGER_SET_ID,LATEST_OPENED_PERIOD_NAME,LATEST_ENCUMBRANCE_YEAR,PERIOD_AVERAGE_RATE_TYPE,PERIOD_END_RATE_TYPE,BUDGET_PERIOD_AVG_RATE_TYPE,BUDGET_PERIOD_END_RATE_TYPE,SLA_ACCOUNTING_METHOD_CODE,SLA_ACCOUNTING_METHOD_TYPE,SLA_DESCRIPTION_LANGUAGE,SLA_ENTERED_CUR_BAL_SUS_CCID,SLA_SEQUENCING_FLAG,SLA_BAL_BY_LEDGER_CURR_FLAG,SLA_LEDGER_CUR_BAL_SUS_CCID,ENABLE_SECONDARY_TRACK_FLAG,ENABLE_REVAL_SS_TRACK_FLAG,LAST_UPDATE_DATE,LAST_UPDATED_BY,CREATION_DATE,CREATED_BY,LAST_UPDATE_LOGIN,CONTEXT,ATTRIBUTE1,ATTRIBUTE2,ATTRIBUTE3,ATTRIBUTE4,COMMITMENT_BUDGET_FLAG,DAILY_TRANSLATION_RATE_TYPE,AUTOMATICALLY_CREATED_FLAG
N,,N,N,N,,1017,53213,USD,Accounting13,Month,13-04,136662,Y,Y,Y,N,,,,136664,N,N,N,N,N,,,,,,,,,,,,Y,Y,N,Y,874,SSC US,SSC US,SSC US,PRIMARY,NONE,L,L,CONFIRMED,I,SEGMENT1,A,,1020013,,1021,874,1,L,,10-08,2004,,,,,STANDARD_ACCRUAL,S,US,136663,N,N,,N,N,2006-08-11 21:17:28,1,2006-05-18 03:30:31,1011771,0,,,,,,,,N
N,,N,N,N,,1018,51846,PLN,Accounting13,Month,11-02,91447,Y,Y,Y,N,91448,91450,,91449,Y,N,N,Y,N,,,,,,,,,,,,Y,Y,N,Y,475,Vision Poland,PL SOB,Polish set of books,PRIMARY,SOURCE,L,L,CONFIRMED,A,SEGMENT1,A,,1012715,,1022,475,6,L,,10-08,2002,,,,,STANDARD_ACCRUAL_POLAND,C,US,91448,N,N,,N,N,2008-01-04 00:00:00,1004997,2003-01-13 16:06:07,1318,5094143,,,,,,,,N
N,,N,N,N,,1019,52362,CAD,Progress Canda,Month,MAR-01,114764,Y,N,N,N,114766,114767,,,Y,N,N,N,N,,,,,,,,,,,,Y,Y,N,Y,591,Progress Canada,Progress Canada,Vision Progress Canada Set of Books,PRIMARY,NONE,L,L,CONFIRMED,A,SEGMENT1,A,,1014474,,1023,591,4,L,,SEP-06,2006,,,,,ENCUMBRANCE_ACCRUAL,S,US,114765,N,N,,N,N,2006-08-11 21:17:28,1,2003-10-21 09:19:26,1318,0,,,,,,,,N
N,,N,N,N,,1020,51306,AUD,Accounting,Month,Jul-02,40613,Y,Y,N,N,40615,,,,N,N,N,N,N,,,,,,,,,,,,Y,Y,N,Y,330,Vision Australia,AU Vision,Australian Set of Books,PRIMARY,NONE,L,L,CONFIRMED,A,SEGMENT1,A,,1008055,,1024,330,4,L,,Oct-08,2002,,,,,STANDARD_ACCRUAL,S,US,40614,N,N,,N,N,2006-08-11 21:17:28,1,2001-03-06 18:34:06,1001365,0,,,,,,,,N
N,,N,N,N,,1021,52922,EUR,Accounting13,Month,12-03,131009,N,Y,N,N,131010,131011,,,Y,Y,N,Y,N,,,,,,,,,,,,Y,Y,N,Y,733,Progress BE,PS BE,BE Public Sector,PRIMARY,NONE,L,L,CONFIRMED,A,SEGMENT1,A,,1018757,,1025,733,4,L,,07-05,2005,Period Average733,Period End733,Period Average B733,Period End B733,ENCUMBRANCE_ACCRUAL,S,US,,N,N,,N,N,2006-08-11 21:17:28,1,2005-05-25 02:12:16,1001406,0,,,,,,,,N
N,,N,N,N,,1022,52034,EUR,Accounting15,62,12-02,99334,Y,Y,N,N,99335,99336,,,N,N,Y,Y,N,,,,,,,,,,,,Y,Y,N,Y,520,Vision Portugal,Vision PT,Portuguese Set of Books,PRIMARY,NONE,L,L,CONFIRMED,I,SEGMENT1,A,,1004962,,1026,520,1,L,,10-08,2002,Period Average520,Period End520,,,STANDARD_ACCRUAL,S,US,99335,N,N,,N,N,2006-08-11 21:17:28,1,2003-03-04 05:20:14,1005650,0,,,,,,,,N
N,,N,N,N,,1023,51845,NTD,Accounting13,Month,01-04,91347,Y,N,Y,N,91349,,,91911,N,N,N,N,N,,,,,,,,,,,,Y,Y,N,Y,453,Vision Taiwan,TWOPS,Taiwanese set of books,PRIMARY,NONE,L,L,CONFIRMED,A,SEGMENT1,A,,1002470,,1027,453,4,L,,10-08,2004,,,,,STANDARD_ACCRUAL,S,US,91348,N,N,,N,N,2006-08-11 21:17:28,1,2003-01-07 07:22:03,1318,0,,,,,,,,N
N,,N,N,N,,1024,52695,USD,Accounting,Month,Dec-02,130016,Y,Y,Y,N,130018,134502,,130019,Y,N,N,N,N,,,,,,,,,,,,Y,Y,N,Y,670,Vision Health Services,Vision Health,Set of Books for Vision Health Services Group,PRIMARY,NONE,L,L,CONFIRMED,I,SEGMENT1,A,,1016816,,1028,670,3,L,,Oct-08,2003,,,,,STANDARD_ACCRUAL,S,US,130017,N,N,,N,N,2006-08-11 21:17:28,1,2004-07-08 15:05:30,1318,0,,,,,,,,N
N,,N,N,N,,1025,50581,KRW,Accounting13,Month,10-02,108283,N,Y,N,N,108285,108286,,,Y,Y,N,Y,N,,,,,,,,,,,,Y,Y,N,Y,127,Vision Korea,Vision KR,Vision Korea Set of Books,PRIMARY,SOURCE,L,L,CONFIRMED,A,SEGMENT1,A,,1004997,,1029,127,3,L,,10-08,2002,,,,,ENCUMBRANCE_ACCRUAL,S,US,108284,N,N,,N,N,2006-08-11 21:17:28,1,1999-07-23 10:59:58,2051,0,,,,,,,,N
N,,N,N,N,,1032,50713,ITL,Accounting13,Month,01-99,22911,Y,Y,Y,N,22913,22915,,23009,N,N,N,N,N,,,,,,,,,,,,Y,Y,N,Y,187,Vision Italy,Vision IT (ITL),Vision Italy (ITL),ALC,TARGET,L,L,CONFIRMED,I,SEGMENT1,A,,1004962,,1030,187,4,L,,10-08,2002,Period Average187,Period End187,Period Average B187,Period End B187,STANDARD_ACCRUAL,S,US,22912,N,N,,N,N,2006-08-11 21:17:28,1,1999-10-06 07:04:28,1318,0,,,,,,,,N
N,,N,N,N,,1044,52075,MXP,Accounting13,Month,12-98,99460,Y,Y,N,N,99462,,,,N,N,N,N,N,,,,,,,,,,,,Y,Y,N,Y,544,Vision Mexico Adjusted,Vision MX-ADJ,Vision Mexico set of books with journals in inflation adjusted amounts,SECONDARY,SOURCE,L,L,CONFIRMED,A,SEGMENT1,A,,1013217,,1031,544,4,L,,10-08,1998,,,,,STANDARD_ACCRUAL,S,US,99461,N,N,,N,N,2006-12-13 08:53:22,1005693,2003-03-11 10:00:26,1005693,4488930,,,,,,,,N
N,,N,N,N,,1026,50194,GBP,Fiscal,21,April-95,13810,Y,Y,N,N,13812,,,,N,N,N,N,N,,,,,,,,,,,,Y,Y,N,Y,22,Vision Corporation (UK),Vision Corporation,Vision Corporation (UK) Consolidated Set of Books,PRIMARY,NONE,L,L,CONFIRMED,I,SEGMENT1,A,,1002477,,1032,22,3,L,,Oct-09,1998,Period Average22,Period End22,,,STANDARD_ACCRUAL,S,US,13811,N,N,,N,N,2006-08-11 21:17:28,1,1996-01-04 14:25:35,1002,0,,,,,,,,N
N,,N,N,N,,1027,52341,JPY,Japan Calendar,Month,MAR-02,108454,Y,Y,Y,N,108456,,,108455,N,N,N,Y,N,,,,,,,,,,,,Y,Y,N,Y,567,Vision Consolidation Japan,Vision Con-JP,Vision Consolidation Japan Set of Books,PRIMARY,NONE,L,L,CONFIRMED,A,SEGMENT1,A,,1005012,,1033,567,1,L,,OCT-08,2005,,,,,STANDARD_ACCRUAL,S,US,108460,N,N,,N,N,2006-08-11 21:17:28,1,2003-09-23 09:40:12,2049,0,,,,,,,,N
N,,N,N,N,,1014,101,USD,Accounting,Month,Dec-03,12827,Y,Y,Y,N,12829,,,27120,N,N,N,N,N,,,,,,,,,,,,Y,Y,N,Y,650,IAS Reporting Vision Ops,Vision IFRS/IAS Ops,International Financial Reporting Standards (IFRS/IAS) Sec. Ledger for Vision Operations,SECONDARY,NONE,L,L,CONFIRMED,I,SEGMENT1,A,,1002470,,1034,650,2,L,,Dec-12,2008,,,,,STANDARD_ACCRUAL,S,US,12828,N,N,,N,N,2006-09-11 00:00:00,1055,2004-06-28 03:58:56,1008481,4107139,,,,,,,,N
N,,N,N,N,,1049,50957,EUR,Accounting,Month,Adj-98,24974,Y,Y,N,N,24976,,,,N,N,N,N,N,,,,,,,,,,,,Y,Y,N,Y,230,Vision Insurance EUR,Vis Ins EUR,Vision Insurance Reporting Set Of Books (EUR),ALC,TARGET,L,L,CONFIRMED,A,SEGMENT1,A,,1005631,,1035,230,2,L,,Jul-02,1998,Period Average230,Period End230,,,STANDARD_ACCRUAL,S,US,24975,N,N,,N,N,2006-08-11 21:17:28,1,2000-02-17 12:53:34,1318,0,,,,,,,,N
N,,N,N,N,,1028,51213,GBP,Fiscal - 14,104,OPEN-99/00,32111,Y,N,N,N,32113,32266,,,Y,N,Y,N,N,,,,,,,,,,,,Y,Y,N,Y,289,Progress UK,Progress UK,UK Public Services,PRIMARY,NONE,L,L,CONFIRMED,A,SEGMENT6,A,,1007965,,1036,289,1,L,,OCT-08/09,2009,,,,,PSUK_ENCUMBRANCE_ACCRUAL,C,US,32112,N,N,,N,N,2008-02-27 00:00:00,1001406,2001-02-07 05:46:42,1318,5250690,,,,,,,,N
N,,N,N,N,,1064,51088,USD,GOV Calendar,21,JUL-01,84611,N,Y,N,N,,27509,,28012,N,N,N,N,N,,,,,,,,,,,,Y,Y,N,Y,393,GASB34,GASB34,Progress State and Local GASB 34 Reporting,SECONDARY,NONE,L,L,CONFIRMED,I,SEGMENT1,A,,1006755,,1037,393,4,L,,OCT-09,2008,,,,,GASB ACCRUAL,C,US,28011,N,N,,N,N,2007-01-18 00:00:00,1000354,2002-04-24 11:04:17,1000354,4594827,,,,,,,,N
N,,N,N,N,,1029,52594,USD,16 Period,165,ADJ1-97-98,121870,Y,Y,N,N,121870,121871,,,Y,Y,Y,N,N,,,,,,,,,,,,Y,Y,N,Y,629,FED Set of Books,FED ITSA,FED ITSA Set of Books,PRIMARY,NONE,L,L,CONFIRMED,A,SEGMENT2,A,,1015695,,1038,629,16,L,,Oct-04-05,2006,,,,,ENCUMBRANCE_ACCRUAL,S,US,121871,N,N,,N,N,2006-08-11 21:17:28,1,2004-05-03 10:21:38,1008228,0,,,,,,,,N
N,,N,N,N,,1030,53213,EUR,Accounting13,Month,13-04,136668,Y,Y,Y,N,,,,136670,N,N,N,N,N,,,,,,,,,,,,Y,Y,N,Y,876,SSC Italy,SSC Italy,SSC Italy,PRIMARY,SOURCE,L,L,CONFIRMED,I,SEGMENT1,A,,1020013,,1039,876,1,L,,10-08,2004,Period Average876,Period End876,Period Average B876,Period End B876,STANDARD_ACCRUAL,S,US,136669,N,N,,N,N,2006-08-31 08:23:39,1011771,2006-05-18 03:33:47,1011771,4091735,,,,,,,,N
N,,N,N,N,,1031,52079,COP,Accounting,Month,Adj-02,100190,N,N,N,N,100191,,,100191,N,N,N,N,N,,,,,,,,,,,,Y,Y,N,Y,546,Vision Columbia,Colombia,Vision Colombia,PRIMARY,NONE,L,L,CONFIRMED,A,SEGMENT1,A,,1013221,,1040,546,2,L,,Oct-08,2002,,,,,STANDARD_ACCRUAL,S,US,,N,N,,N,N,2006-08-11 21:17:28,1,2003-05-30 10:23:07,1318,0,,,,,,,,N
N,,N,N,N,,1045,101,USD,Accounting,Month,Dec-04,150442,Y,Y,Y,N,150445,150446,,150444,Y,N,N,N,N,,,,,,,,,,,,Y,Y,N,Y,954,Vision Brazil SL (USD),Vision BR SL (USD),Vision Brazil Secondary Ledger (USD),SECONDARY,NONE,L,L,,I,SEGMENT1,A,,1002470,,1140,205,1,L,,Dec-08,2006,1083,1083,,,,,,,,,,,,2007-09-03 00:00:00,1318,2006-09-01 09:40:57,2209,4899964,,,,,,,,N
N,,N,N,N,,1083,53213,EUR,Accounting13,Month,12-05,136665,Y,Y,Y,N,331043,,,136667,N,N,N,N,N,,,,,,,,,,,,Y,Y,N,Y,1018,2546RT France Ledger,2546RT Fran1018(EUR),Any Description text for primary Ledger,PRIMARY,SOURCE,L,L,,I,SEGMENT1,A,,1020013,,1222,875,1,L,,12-05,2005,Period Average875,Period End875,,,STANDARD_ACCRUAL,S,US,136666,,Y,136666,,,2008-09-26 02:50:10,1322,2008-09-26 00:00:00,1322,5465372,,,,,,,,N
N,,N,N,N,,1083,53213,USD,Accounting13,Month,12-05,136665,Y,Y,Y,N,,,,136667,N,N,N,N,N,,,,,,,,,,,,Y,Y,N,Y,1019,2546RT France Ledger(USD),2546RT France L(USD),RT France ledger ALC (USA),ALC,TARGET,L,L,,I,SEGMENT1,A,,1020013,,1223,875,1,L,,12-05,2005,,,,,STANDARD_ACCRUAL,S,US,136666,,Y,136666,,,2008-09-26 02:50:40,1322,2008-09-26 00:00:00,1322,5465373,,,,,,,,N
N,,N,N,N,,1083,53253,EUR,Accounting13,Month,12-05,147437,Y,Y,Y,N,147439,147440,,147438,Y,N,N,N,N,,,,,,,,,,,,N,Y,N,Y,1022,2546RT France Sec Ledger,2546RT Fran1022(EUR),Description Text for Secondary Ledger,SECONDARY,NONE,L,L,,I,SEGMENT1,A,,1020013,,1224,875,1,L,,12-05,2005,Period Average875,Period End875,,,ENCUMBRANCE_ACCRUAL_IT,C,US,147436,,Y,147436,,,2008-09-26 03:42:49,1322,2008-09-26 00:00:00,1322,5465381,,,,,,,,N
N,N,N,N,N,,1143,53622,INR,GAN CALENDAR,205,Jan-21,339115,N,N,N,N,,,,,N,N,N,N,N,,,,,,,,,,,,N,Y,N,Y,1078,GAN APPS IND LEDGER,GAN APPS IN1078(INR),,PRIMARY,NONE,L,L,,I,SEGMENT1,A,,1026089,,1262,,1,L,,Jun-21,2021,,,,,STANDARD_ACCRUAL,S,US,,,N,,,,2021-06-22 03:05:06,1013679,2021-06-15 00:00:00,1013679,6195069,,,,,,,,N
N,N,N,N,N,,1144,53622,USD,GAN CALENDAR,205,Jan-21,339115,N,N,N,N,,,,,N,N,N,N,N,,,,,,,,,,,,N,Y,N,Y,1080,GAN APPS USA,GAN APPS US1080(USD),,PRIMARY,NONE,L,L,,I,SEGMENT1,A,,1026089,,1263,,1,L,,,,,,,,STANDARD_ACCRUAL,S,US,,,N,,,,2021-06-15 00:00:00,1013679,2021-06-15 00:00:00,1013679,6191635,,,,,,,,N
N,N,N,N,N,,1145,53622,EUR,GAN CALENDAR,205,Jan-21,339115,N,N,N,N,,,,,N,N,N,N,N,,,,,,,,,,,,N,Y,N,Y,1082,GAN APPS GERMANY,GAN APPS GE1082(EUR),,PRIMARY,NONE,L,L,,I,SEGMENT1,A,,1026089,,1264,,1,L,,,,,,,,STANDARD_ACCRUAL,S,US,,,N,,,,2021-06-15 00:00:00,1013679,2021-06-15 00:00:00,1013679,6191786,,,,,,,,N
N,N,N,N,N,,1103,53582,USD,Vis Accounting,Month,Jan-18,336053,Y,Y,Y,N,336056,,,336055,N,N,N,N,N,,,,,,,,,,,,N,Y,N,Y,1038,LMC Ledger,LMC Ledger1038(USD),LMC Primary Ledger,PRIMARY,SOURCE,L,L,,I,SEGMENT1,A,,1026047,,1242,,1,L,,Dec-19,2018,Corporate,Corporate,,,STANDARD_ACCRUAL,S,US,,,N,,,,2019-12-03 04:18:26,1013599,2019-11-28 00:00:00,1013599,5942694,,,,,,,,N
N,N,N,N,N,,1103,53582,AED,Vis Accounting,Month,Jan-18,336053,Y,Y,Y,N,336056,,,336055,N,N,N,N,N,,,,,,,,,,,,N,Y,N,Y,1040,LMC AED Ledger,LMC AED Ledger,LMC AED Ledger,ALC,TARGET,L,L,,I,SEGMENT1,A,,1026047,,1243,,1,L,,Dec-19,2018,Corporate,Corporate,,,STANDARD_ACCRUAL,S,US,,,N,,,,2019-12-03 04:20:27,1013599,2019-11-28 00:00:00,1013599,5942697,,,,,,,,N
N,N,N,N,N,,1103,53582,GBP,Vis Accounting,Month,Jan-18,336053,Y,Y,Y,N,336056,,,336055,N,N,N,N,N,,,,,,,,,,,,N,Y,N,Y,1041,LMC GBP Ledger,LMC GBP Ledger,LMC GBP Ledger,ALC,TARGET,L,L,,I,SEGMENT1,A,,1026047,,1244,,1,L,,Dec-19,2018,Corporate,Corporate,,,STANDARD_ACCRUAL,S,US,,,N,,,,2019-12-03 04:20:27,1013599,2019-11-28 00:00:00,1013599,5942698,,,,,,,,N
N,N,N,N,N,,,101,X,Accounting,Month,X,-1,N,N,N,N,,,,,N,N,N,N,N,,,,,,,,,,,,N,N,,,1124,Vision Opertions Corp.,VOCD,hi,NONE,NONE,S,U,,I,SEGMENT1,I,,1002470,,1323,,0,S,,,,,,,,,,,,,,,,,2022-01-20 07:27:19,0,2022-01-20 07:27:19,0,6322200,,,,,,,,N
N,,N,N,N,,1060,50731,BRL,Accounting13,Month,12-98,98280,Y,Y,Y,N,98281,,,98282,N,N,N,N,N,,,,,,,,,,,,Y,Y,N,Y,206,Vision Brazil (USD Report),Vision BR Rpt,Vision Brazil (USD) Reporting Set of Books,PRIMARY,NONE,L,L,CONFIRMED,A,SEGMENT1,A,,1005281,,1075,206,4,L,,,,,,,,STANDARD_ACCRUAL,S,US,21733,N,N,,N,N,2006-08-11 21:17:28,1,1999-10-06 15:08:37,1318,0,,,,,,,,N
N,,N,N,N,,1061,51827,CHF,Accounting13,Month,13-01,98045,N,N,N,N,,,,,N,N,N,N,N,,,,,,,,,,,,Y,Y,N,Y,454,Vision Switzerland,Vision CH,Vision Switzerland,PRIMARY,SOURCE,L,L,CONFIRMED,A,SEGMENT1,A,,1013003,,1076,454,1,L,,10-08,2003,,,,,STANDARD_ACCRUAL,S,US,,N,N,,N,N,2006-08-11 21:17:28,1,2003-01-07 13:19:05,1318,0,,,,,,,,N
N,,N,N,N,,1008,50958,EUR,Accounting,Month,Adj-98,25330,Y,N,N,N,25332,,,,N,N,N,N,N,,,,,,,,,,,,Y,Y,N,Y,229,Vision Investment Services EUR,Inv Serv EUR,Vision Investment Services Reporting Set of Books (EUR),ALC,TARGET,L,L,CONFIRMED,A,SEGMENT1,A,,1005651,,1077,229,1,L,,Nov-99,1998,Period Average229,Period End229,,,STANDARD_ACCRUAL,S,US,24990,N,N,,N,N,2006-08-11 21:17:28,1,2000-02-17 12:00:59,1318,0,,,,,,,,N
N,,N,N,N,,1062,50569,EUR,Accounting13,Month,12-98,28688,Y,Y,N,N,21062,21064,,,Y,N,N,Y,N,,,,,,,,,,,,Y,Y,N,Y,124,Vision France,Vision FR,Vision France,PRIMARY,SOURCE,L,L,CONFIRMED,I,SEGMENT1,A,,1004962,,1078,124,4,L,,10-08,2008,Period Average124,Period End124,Period Average B124,Period End B124,ENCUMBRANCE_ACCRUAL,S,US,21061,N,N,,N,N,2006-08-11 21:17:28,1,1999-07-23 10:06:36,2044,0,,,,,,,,N
N,,N,N,N,,,50560,NLG,Accounting13,Month,12-98,21055,N,Y,N,N,21057,21059,,,N,N,N,N,N,,,,,,,,,,,,Y,Y,N,Y,164,Vision Netherlands (NLG-Rpt.),Vision NL - NLG,Vision Netherlands (NLG-Rpt.),ALC,TARGET,L,L,CONFIRMED,A,SEGMENT1,A,,1004962,,1079,164,4,L,,08-00,1998,Period Average164,Period End164,,,STANDARD_ACCRUAL,S,US,21056,N,N,,N,N,2006-08-11 21:17:28,1,1999-04-02 11:07:23,2044,0,,,,,,,,N
N,,N,N,N,,1063,52342,CNY,China Calendar,63,12-00,108281,N,N,N,N,108282,108440,,,Y,Y,Y,N,N,,,,,,,,,,,,Y,Y,N,Y,566,Vision China,Vision CN,Vision China Set of Books,PRIMARY,NONE,L,L,CONFIRMED,A,SEGMENT1,A,,1014448,,1080,566,1,L,,10-08,2003,,,,,STANDARD_ACCRUAL,S,US,,N,N,,N,N,2006-08-11 21:17:28,1,2003-09-18 08:11:52,1318,0,,,,,,,,N
N,,N,N,N,,1064,51088,USD,GOV Calendar,21,JUL-00,30186,Y,Y,N,N,,27509,,28012,Y,Y,N,N,N,,,,,,,,,,,,Y,Y,N,Y,268,Progress State and Local,GOV,Progress State & Local Set of Books,PRIMARY,SOURCE,L,L,CONFIRMED,I,SEGMENT1,A,,1006755,,1081,268,24,L,,OCT-09,2009,,,,,ENCUMBRANCE_ACCRUAL,S,US,28011,N,N,,N,N,2007-04-27 00:00:00,1000354,2000-08-08 10:06:08,1000314,4752481,,,,,,,,N
N,,N,N,N,,1065,50577,EUR,Accounting13,Month,12-98,21070,Y,Y,N,N,21072,,,,N,N,N,N,N,,,,,,,,,,,,Y,Y,N,Y,126,Vision Germany,Vision DE,Vision Germany,PRIMARY,SOURCE,L,L,CONFIRMED,I,SEGMENT1,A,,1004962,,1082,126,4,L,,10-08,1999,Period Average126,Period End126,Period Average B126,Period End B126,STANDARD_ACCRUAL,S,US,21071,N,N,,N,N,2006-08-11 21:17:28,1,1999-07-23 10:34:05,2045,0,,,,,,,,N
N,,N,N,N,,1066,50572,GBP,Accounting13,Month,01-99,21065,Y,Y,N,N,21067,,,,N,N,N,N,N,,,,,,,,,,,,Y,Y,N,Y,125,Vision UK,Vision UK,Vision UK,PRIMARY,NONE,L,L,CONFIRMED,I,SEGMENT1,A,,1004962,,1083,125,4,L,,10-08,2002,,,,,STANDARD_ACCRUAL,S,US,21066,N,N,,N,N,2006-08-11 21:17:28,1,1999-07-23 10:07:52,1318,0,,,,,,,,N
N,,N,N,N,,1067,52634,RUR,NUMERIC12,Month,12-02,122437,N,N,N,N,122438,,,,N,N,Y,N,N,,,,,,,,,,,,Y,Y,N,Y,649,Vision Russia,Vision RU,Vision Russia Set of Books,PRIMARY,NONE,L,L,CONFIRMED,A,SEGMENT1,A,,1015739,,1084,649,1,L,,10-08,2002,,,,,STANDARD_ACCRUAL,S,US,,N,N,,N,N,2006-08-11 21:17:28,1,2004-06-08 12:39:20,1318,0,,,,,,,,N
N,,N,N,N,1,1082,53380,UAH,Accounting13,Month,12-06,245739,N,Y,Y,Y,,245741,245742,245740,Y,Y,Y,N,N,,,,,,,,,,,,N,Y,N,Y,996,Vision Ukraine,Vision Ukraine,Vision Ukraine - Org 996 (UAH),PRIMARY,NONE,L,L,,I,SEGMENT1,A,,1002470,,1181,,3,L,,10-08,2007,,Corporate,,,ENCUMBRANCE_ACCRUAL,S,US,,,Y,245738,,,2007-07-31 10:03:26,1012664,2007-07-16 00:00:00,1012664,4831386,,,,,,,Corporate,N
N,,Y,N,N,1,1013,50214,USD,Accounting,Month,Feb-07,272796,Y,Y,Y,Y,272797,,272798,272795,N,N,N,N,N,,,,,,,,,,,,Y,Y,N,Y,998,Vision Bank London (US GAAP),Vision Bank 998(USD),Vision Bank London (US GAAP),SECONDARY,NONE,L,L,,A,SEGMENT1,A,,1002722,,1182,,1,L,,Jan-08,2007,Corporate,Corporate,,,BANKING_US_GAAP,C,US,272795,,N,,,,2007-08-29 00:33:11,1012657,2007-08-29 00:00:00,2653,4894522,,,,,,,Corporate,N
N,,N,N,N,,,51088,X,GOV Calendar,21,X,-1,N,N,N,N,,,,,N,N,N,N,N,,,,,,,,,,,,N,N,,,994,Progress All Ledgers,Progress All Ledgers,Progress State and Local - All Ledgers,NONE,NONE,S,U,,I,SEGMENT1,I,,1006755,,1180,,0,S,,,,,,,,,,,,,,,,,2007-04-27 16:58:14,1000354,2007-04-27 16:58:14,1000354,4752503,,,,,,,,N
N,,N,N,N,,,53213,X,Accounting13,Month,X,-1,N,N,N,N,,,,,N,N,N,N,N,,,,,,,,,,,,N,N,,,1024,2546RT FR Corp Ledger Set,2546RT FR Corp LS,2546Corporate Ledger Set SSC US and RT France Ledgers,NONE,NONE,S,U,,I,SEGMENT1,I,,1020013,,1225,,0,S,,,,,,,,,,,,,,,,,2008-09-26 02:43:54,1322,2008-09-26 02:43:54,1322,5465330,,,,,,,,N
N,N,N,N,N,,1131,53605,INR,GKJ Accounting,187,Jan-21,-1,N,N,N,N,,,,,N,N,N,N,N,,,,,,,,,,,,N,Y,N,N,1065,GKJ_IND LEDGER,GKJ_IND LED1065(INR),,PRIMARY,NONE,L,L,,I,SEGMENT1,A,,1026070,,,,1,L,,,,,,,,STANDARD_ACCRUAL,S,,,,,,,,2021-06-11 00:00:00,1013679,2021-06-11 00:00:00,1013679,6189757,,,,,,,,N
N,,N,N,N,,1041,50581,KRW,Accounting13,Month,10-02,108283,Y,Y,N,N,108285,,,,N,N,N,N,N,,,,,,,,,,,,Y,Y,N,Y,569,Vision Consolidation Korea,Vision Cons KR,Vision Consolidation Korea Set of Books,PRIMARY,SOURCE,L,L,CONFIRMED,A,SEGMENT1,A,,1004997,,1054,569,1,L,,10-08,2002,,,,,STANDARD_ACCRUAL,S,US,114464,N,N,,N,N,2006-08-11 21:17:28,1,2003-10-17 09:17:08,2051,0,,,,,,,,N
N,,N,N,N,,1042,50589,JPY,Japan Calendar,Month,MAR-02,108457,Y,Y,Y,N,108458,,,108459,N,N,N,Y,N,,,,,,,,,,,,Y,Y,N,Y,142,Vision Corporation Japan,Vision C-JP,Vision Corporation Japan Set of Books,PRIMARY,NONE,L,L,CONFIRMED,A,SEGMENT1,A,,1005012,,1055,142,4,L,,OCT-08,2005,Period Average142,Period End142,,,STANDARD_ACCRUAL,S,US,108344,N,N,,N,N,2006-08-11 21:17:28,1,1999-07-26 11:42:23,2049,0,,,,,,,,N
N,,N,N,N,,1043,50234,USD,Weekly,21,DEC-95,14894,Y,Y,N,N,14896,,,,N,N,N,N,N,,,,,,,,,,,,Y,Y,N,Y,62,Vision Services (USA),Vision Services,Vision Services Set of Books,PRIMARY,NONE,L,L,CONFIRMED,A,SEGMENT1,A,,1002475,,1056,62,4,L,,ADJ-12,2009,Period Average62,Period End62,,,STANDARD_ACCRUAL,S,US,14895,N,N,,N,N,2006-08-11 21:17:28,1,1997-03-31 10:23:16,1002,0,,,,,,,,N
N,,Y,N,N,1,1013,50978,EUR,Accounting,Month,Dec-95,25369,Y,Y,N,Y,25371,,25372,,N,N,N,N,N,,,,,,,,,,,,Y,Y,N,Y,250,Vision Bank - London MRC (EUR),VBLEUR,Vision Bank - London MRC (EUR),ALC,TARGET,L,L,CONFIRMED,A,SEGMENT1,A,,1005692,,1057,248,2,L,,Oct-08,1995,,,,,INSTITUTIONAL_BANKING_UK_GAAP,C,US,25370,N,N,,N,N,2007-08-23 11:11:06,1012657,2000-02-23 09:07:00,2653,4881292,,,,,,,Corporate,N
N,,N,N,N,,1044,52075,MXP,Accounting13,Month,12-98,99460,Y,Y,N,N,99462,,,,N,N,N,N,N,,,,,,,,,,,,Y,Y,N,Y,543,Vision Mexico Historical,Vision MX,VIsion Mexico set of books with journal entries in historical amounts,PRIMARY,SOURCE,L,L,CONFIRMED,A,SEGMENT1,A,,1013217,,1058,543,4,L,,10-08,1998,,,,,STANDARD_ACCRUAL,S,US,99461,N,N,,N,N,2006-12-13 08:52:22,1005693,2003-03-11 09:59:08,1005693,4488929,,,,,,,,N
N,,N,N,N,,1045,50731,BRL,Accounting13,Month,01-99,98280,Y,Y,Y,N,98281,98283,,98282,Y,N,N,N,N,,,,,,,,,,,,Y,Y,N,Y,205,Vision Brazil,Vision BR,Vision Brazil (BRL) Primary Set of Books,PRIMARY,SOURCE,L,L,CONFIRMED,I,SEGMENT1,A,,1005281,,1059,205,4,L,,10-08,2007,1082,1083,,,ENCUMBRANCE_ACCRUAL,S,US,21733,N,N,,N,N,2006-09-05 10:23:50,2209,1999-10-06 15:05:49,1318,4094224,,,,,,,,N
N,,N,N,N,,1046,53213,EUR,Accounting13,Month,13-04,136665,Y,Y,Y,N,,,,136667,N,N,N,N,N,,,,,,,,,,,,Y,Y,N,Y,875,SSC France,SSC France,SSC France,PRIMARY,SOURCE,L,L,CONFIRMED,I,SEGMENT1,A,,1020013,,1060,875,1,L,,10-08,2004,Period Average875,Period End875,Period Average B875,Period End B875,STANDARD_ACCRUAL,S,US,136666,N,N,,N,N,2006-08-31 07:21:13,1011771,2006-05-18 03:32:20,1011771,4091735,,,,,,,,N
N,,N,N,N,,1047,53173,GBP,Fiscal - 14,104,OPEN-05/06,135627,Y,N,N,N,,,,,N,N,N,N,N,,,,,,,,,,,,Y,Y,N,Y,853,Progress UK WGA Consolidated,WGA,Progress UK WGA Consolidated,PRIMARY,NONE,L,L,CONFIRMED,A,SEGMENT1,A,,1007965,,1061,853,1,L,,DEC-05/06,2006,,,,,STANDARD_ACCRUAL,S,US,135587,N,N,,N,N,2006-08-11 21:17:28,1,2005-12-05 04:31:04,1001406,0,,,,,,,,N
N,,Y,N,N,1,1048,50214,USD,Accounting,Month,Dec-95,86163,Y,Y,N,Y,86164,,13928,,N,N,Y,N,N,,,,,,,,,,,,Y,Y,N,Y,42,Vision ADB (USA),Vision ADB,Vision ADB (USA) Set of Books,PRIMARY,NONE,L,L,CONFIRMED,A,SEGMENT1,A,,1002722,,1062,42,1,L,,Oct-08,2002,Period Average42,Period End42,,,BANKING_US_GAAP,C,US,86165,N,N,,N,N,2007-08-20 00:00:00,1012657,1996-02-02 10:53:24,1097,4870736,,,,,,,Spot,N
N,,N,N,N,,1049,50957,USD,Accounting,Month,Adj-98,24974,Y,Y,N,N,24976,,,,N,N,N,N,N,,,,,,,,,,,,Y,Y,N,Y,208,Vision Insurance,Insurance,Vision Insurance,PRIMARY,SOURCE,L,L,CONFIRMED,A,SEGMENT1,A,,1005631,,1063,208,2,L,,Oct-08,1998,,,,,STANDARD_ACCRUAL,S,US,24975,N,N,,N,N,2006-08-11 21:17:28,1,2000-02-17 07:40:25,1318,0,,,,,,,,N
N,,Y,N,N,1,1013,50978,USD,Accounting,Month,Dec-95,25369,Y,Y,N,Y,25371,,25372,,N,N,N,N,N,,,,,,,,,,,,Y,Y,N,Y,249,Vision Bank - London MRC (USD),VBLUSD,Vision Bank - London MRC (USD),ALC,TARGET,L,L,CONFIRMED,A,SEGMENT1,A,,1005692,,1064,248,2,L,,Oct-08,1995,,,,,INSTITUTIONAL_BANKING_UK_GAAP,C,US,25370,N,N,,N,N,2007-08-23 11:11:37,1012657,2000-02-23 09:03:15,2653,4881300,,,,,,,Corporate,N
N,,N,N,N,,1050,50590,JPY,Japan Calendar,Month,MAR-02,21085,Y,Y,N,N,21087,,,,N,N,N,Y,N,,,,,,,,,,,,Y,Y,N,Y,143,Vision Services Japan,Vision S-JP,Vision Services Japan Set of Books,PRIMARY,NONE,L,L,CONFIRMED,A,SEGMENT1,A,,1005016,,1065,143,4,L,,OCT-08,2005,Period Average143,Period End143,,,STANDARD_ACCRUAL,S,US,21086,N,N,,N,N,2006-08-11 21:17:28,1,1999-07-26 11:44:40,2049,0,,,,,,,,N
N,,N,N,N,,1051,50317,EUR,4-4-5 Calendar,21,NOV-97,17648,Y,Y,Y,N,17650,,,17649,N,N,N,N,N,,,,,,,,,,,,Y,Y,N,Y,103,Vision Project Mfg (EUR),Project Mfg EURO,Vision Project Manufacturing (MRC EURO Primary) SoB,PRIMARY,SOURCE,L,L,CONFIRMED,A,SEGMENT1,A,,1003706,,1066,103,4,L,,ADJ-12,1997,Period Average103,Period End103,,,STANDARD_ACCRUAL,S,US,17649,N,N,,N,N,2006-08-11 21:17:28,1,1997-12-07 14:31:14,1002,0,,,,,,,,N
N,,N,N,N,,1052,51704,EUR,Accounting13,Month,12-01,86132,Y,N,N,N,,86134,,,Y,Y,N,N,N,,,,,,,,,,,,Y,Y,N,Y,413,Progress FR,Progress France,Public Sector SOB France,PRIMARY,SOURCE,L,L,CONFIRMED,A,SEGMENT3,A,,1011161,,1067,413,1,L,,10-08,2004,Period Average413,Period End413,Period Average B413,Period End B413,ENCUMBRANCE_ACCRUAL,S,US,86133,N,N,,N,N,2006-08-11 21:17:28,1,2002-08-01 10:36:10,1004072,0,,,,,,,,N
N,,N,N,N,,1053,51505,SGD,Accounting,Month,Dec-95,80234,N,N,N,N,,,,,N,N,N,N,N,,,,,,,,,,,,Y,Y,N,Y,331,Vision Singapore Limited,SG Vision,Vision Singapore Limited Set of Books,PRIMARY,NONE,L,L,CONFIRMED,A,SEGMENT1,A,,1010607,,1068,331,1,L,,,,,,,,STANDARD_ACCRUAL,S,US,,N,N,,N,N,2006-08-11 21:17:28,1,2002-01-14 19:09:33,1318,0,,,,,,,,N
N,,N,N,N,,1054,51889,USD,4-4-5 Calendar,21,DEC-01,91808,Y,Y,Y,N,91810,,,91809,N,N,Y,N,N,,,,,,,,,,,,Y,Y,N,Y,479,Vision Utilities,UTILS,Vision Utilities Set of Books,PRIMARY,NONE,L,L,CONFIRMED,A,SEGMENT1,A,,1012953,,1069,479,4,L,,NOV-08,2003,,,,,STANDARD_ACCRUAL,S,US,91809,N,N,,N,N,2006-08-11 21:17:28,1,2003-01-22 14:33:10,1318,0,,,,,,,,N
N,,N,N,N,,1055,51286,USD,Accounting,Month,Dec-98,32207,Y,Y,Y,N,32209,,,32210,N,N,N,N,N,,,,,,,,,,,,Y,Y,N,Y,290,Vision Communications (USA),Vision Comms,Vision Communications (USA),PRIMARY,SOURCE,L,L,CONFIRMED,A,SEGMENT1,A,,1008105,,1070,290,4,L,,Oct-08,1998,,,,,STANDARD_ACCRUAL,S,US,32208,N,N,,N,N,2006-08-11 21:17:28,1,2001-02-08 12:39:27,1318,0,,,,,,,,N
N,,N,N,N,,1056,52078,TRL,Accounting13,Month,01-04,99463,Y,N,N,N,,,,,N,N,N,N,N,,,,,,,,,,,,Y,Y,N,Y,545,Vision Turkey,Vision TR,Vision Turkey set of books,PRIMARY,NONE,L,L,CONFIRMED,I,SEGMENT1,A,,1004962,,1071,545,1,L,,10-08,2004,,,,,STANDARD_ACCRUAL,S,US,99464,N,N,,N,N,2006-08-11 21:17:28,1,2003-03-11 10:26:32,1005694,0,,,,,,,,N
N,,N,N,N,,1057,50671,USD,OPM,64,JAN-00,21409,Y,Y,N,N,21411,,,,N,N,N,Y,N,,,,,,,,,,,,Y,Y,N,Y,165,OPM US,OPM US,OPM US Books,PRIMARY,NONE,L,L,CONFIRMED,I,SEGMENT1,A,,1005183,,1072,165,3,L,,DEC-12,2005,,,,,STANDARD_ACCRUAL_OPM,C,US,21410,N,N,,N,N,2007-01-29 00:00:00,2330,1999-09-03 12:06:58,1318,4621555,,,,,,,,N
N,,N,N,N,,1058,51868,EUR,Accounting14,144,01-04,91562,Y,N,N,N,91562,,,,N,N,N,N,N,,,,,,,,,,,,Y,Y,N,Y,476,Vision Greece,Vision Greece,Vision Greece,PRIMARY,NONE,L,L,CONFIRMED,A,SEGMENT1,A,,1012786,,1073,476,3,L,,10-08,2004,Period Average476,Period End476,,,STANDARD_ACCRUAL,S,US,91562,Y,N,,N,N,2006-08-11 21:17:28,1,2003-01-16 13:57:05,1318,0,,,,,,,,N
N,,Y,N,N,1,1059,51088,USD,GOV Calendar,21,JAN-05,30186,N,Y,N,Y,,,128769,,N,N,N,N,N,,,,,,,,,,,,Y,Y,N,Y,692,Progress Average Daily Balance,Progress ADB,Progress State & Local Average Daily Balance,PRIMARY,NONE,L,L,CONFIRMED,A,SEGMENT1,A,,1006755,,1074,692,24,L,,APR-07,2007,,,,,STANDARD_ACCRUAL,S,US,,N,N,,N,N,2006-08-11 21:17:28,1,2005-03-29 11:34:59,1000354,0,,,,,,,Corporate,N
N,N,N,N,N,,1167,53602,USD,PP Accounting,185,JAN-21,340129,N,N,N,N,,,,,N,N,N,N,N,,,,,,,,,,,,N,Y,N,Y,1086,PP MA USA,PP MA USA1086(USD),,PRIMARY,NONE,L,L,,I,SEGMENT1,A,,1026067,,1285,,1,L,,,,,,,,STANDARD_ACCRUAL,S,US,,,N,,,,2021-06-19 00:00:00,1013681,2021-06-19 00:00:00,1013681,6193487,,,,,,,,N
N,N,N,N,N,,1211,53684,USD,DELL22Calendar,266,Jan-22,-1,N,N,N,N,,,,,N,N,N,N,N,,,,,,,,,,,,N,Y,N,N,1130,DELL22Primary Ledger,DELL22Prima1130(USD),,PRIMARY,NONE,L,L,,I,SEGMENT1,A,,1026170,,,,1,L,,,,,,,,STANDARD_ACCRUAL,S,,,,,,,,2022-01-28 00:00:00,1013926,2022-01-28 00:00:00,1013926,6331665,,,,,,,,N
N,N,N,N,N,,1125,53602,INR,PP Accounting,185,JAN-21,340129,N,N,N,N,,,,,N,N,N,N,N,,,,,,,,,,,,N,Y,N,Y,1058,PP INDIA LEDGER,PP INDIA LE1058(INR),,PRIMARY,SOURCE,L,L,,I,SEGMENT1,A,,1026067,,1283,,1,L,,SEP-21,2021,,,,,STANDARD_ACCRUAL,S,US,,,N,,,,2021-06-19 04:53:36,1013681,2021-06-10 00:00:00,1013681,6193578,,,,,,,,N
N,N,N,N,N,,1126,53602,USD,PP Accounting,185,JAN-21,340129,N,N,N,N,,,,,N,N,N,N,N,,,,,,,,,,,,N,Y,N,Y,1060,PP USA LEDGER,PP USA LEDG1060(USD),,PRIMARY,NONE,L,L,,I,SEGMENT1,A,,1026067,,1286,,1,L,,,,,,,,STANDARD_ACCRUAL,S,US,,,N,,,,2021-06-19 00:00:00,1013681,2021-06-10 00:00:00,1013681,6193487,,,,,,,,N
N,N,N,N,N,,1127,53602,EUR,PP Accounting,185,JAN-21,340130,N,N,N,N,,,,,N,N,N,N,N,,,,,,,,,,,,N,Y,N,Y,1062,PP GERMANY LEDGER,PP GERMANY 1062(EUR),,PRIMARY,NONE,L,L,,I,SEGMENT1,A,,1026067,,1287,,1,L,,NOV-21,2021,,,,,STANDARD_ACCRUAL,S,US,,,N,,,,2021-06-19 05:01:10,1013681,2021-06-10 00:00:00,1013681,6193598,,,,,,,,N
N,N,N,N,N,,1226,50214,USD,Accounting,Year,FY-98,-1,N,N,N,N,,,,,N,N,N,N,N,,,,,,,,,,,,N,Y,N,N,1144,CHD,CHD1144(USD),,PRIMARY,NONE,L,L,,A,SEGMENT1,A,,1002722,,,,1,L,,,,,,,,JA_CN_STANDARD_ACCRUAL,S,,,,,,,,2022-02-05 00:00:00,1318,2022-02-05 00:00:00,1318,6338686,,,,,,,,N
N,,N,N,N,,1016,51869,NOK,Accounting13,Month,01-04,91763,N,N,N,N,91765,,,,N,N,N,N,N,,,,,,,,,,,,Y,Y,Y,Y,478,Vision Norway Cash,Vision NO Cash,Vision Norway Secondary Set of Books (Cash),SECONDARY,NONE,L,L,CONFIRMED,I,SEGMENT5,A,,1004962,,1000,478,2,L,,10-08,2004,,,,,STANDARD_CASH,S,US,,N,N,,N,N,2006-08-11 21:17:28,1,2003-01-21 17:25:23,1318,0,,,,,,,,N
N,,N,N,N,,1000,51933,EUR,Accounting13,Month,01-04,91912,N,N,N,N,,,,,N,N,N,N,N,,,,,,,,,,,,Y,Y,N,Y,480,Vision Finland,Vision FI,Vision Finland,PRIMARY,SOURCE,L,L,CONFIRMED,I,SEGMENT1,A,,1004962,,1001,480,1,L,,10-08,2004,Period Average480,Period End480,,,STANDARD_ACCRUAL,S,US,,N,N,,N,N,2006-08-11 21:17:28,1,2003-01-24 08:34:57,1318,0,,,,,,,,N
N,,N,N,N,,1003,51974,ARS,Accounting13,Month,11-02,92130,Y,Y,N,N,92132,,,,N,N,N,N,N,,,,,,,,,,,,Y,Y,N,Y,501,Vision Argentina Adjusted,Vision Arg ADJ,Vision Argentina Adjusted SOB,SECONDARY,SOURCE,L,L,CONFIRMED,A,SEGMENT1,A,,1002470,,1002,501,4,L,,10-08,2002,,,,,STANDARD_ACCRUAL,S,US,92131,N,N,,N,N,2006-08-11 21:17:28,1,2003-01-31 13:03:58,1318,0,,,,,,,,N
N,,Y,N,N,,1001,50274,GBP,Accounting,Month,Dec-95,15534,Y,Y,N,Y,15906,,15537,,N,N,N,N,Y,,,,,,,,,,,,Y,Y,N,Y,82,Vision ADB Holdings (UK),Vision ADB Holdings,Vision ADB Holdings (UK) Consolidated Set of Books,PRIMARY,NONE,L,L,CONFIRMED,A,SEGMENT1,A,,1002722,,1003,82,1,L,,Feb-05,1997,,,,,STANDARD_ACCRUAL,S,US,15535,N,N,,N,N,2006-08-11 21:17:28,1,1997-04-03 10:24:52,1097,0,,,,,,,Spot,N
N,,N,N,N,,1002,50560,EUR,Accounting13,Month,01-99,24803,Y,Y,N,N,21057,21059,,,N,N,N,N,N,,,,,,,,,,,,Y,Y,N,Y,123,Vision Netherlands,Vision NL,Vision Netherlands,PRIMARY,SOURCE,L,L,CONFIRMED,I,SEGMENT1,A,,1004962,,1004,123,4,L,,10-08,2001,Period Average123,Period End123,Period Average B123,Period End B123,STANDARD_ACCRUAL,S,US,21056,N,N,,N,N,2006-08-11 21:17:28,1,1999-07-23 09:46:43,2047,0,,,,,,,,N
N,,N,N,N,,1003,51974,ARS,Accounting13,Month,11-02,92130,Y,Y,N,N,92132,,,,N,N,N,N,N,,,,,,,,,,,,Y,Y,N,Y,500,Vision Argentina Historic,Vision Argentina,Vision Argentina Historic SOB,PRIMARY,SOURCE,L,L,CONFIRMED,A,SEGMENT1,A,,1002470,,1005,500,4,L,,10-08,2002,,,,,STANDARD_ACCRUAL,S,US,92131,N,N,,N,N,2006-08-11 21:17:28,1,2003-01-31 13:02:09,1318,0,,,,,,,,N
N,,N,N,N,,1004,51253,USD,Fiscal-13,21,Jul-00,32087,Y,Y,Y,N,32088,32090,,32354,Y,N,N,N,N,,,,,,,,,,,,Y,Y,N,Y,288,Vision University,Vision University,Vision University Set of Books,PRIMARY,SOURCE,L,L,CONFIRMED,A,SEGMENT1,A,,1008005,,1006,288,4,L,,Dec-09,2008,,,,,ENCUMBRANCE_ACCRUAL,S,US,32089,N,N,,N,N,2006-08-11 21:17:28,1,2001-02-01 18:32:16,1318,0,,,,,,,,N
N,,N,N,N,,1005,50195,SGD,Accounting,Month,Dec-96,13806,Y,Y,N,N,13808,,,,N,N,N,N,N,,,,,,,,,,,,Y,Y,N,Y,21,Vision Distribution (SNG),Vision Distribution,Vision Distribution (Singapore) Set of Books,PRIMARY,NONE,L,L,CONFIRMED,I,SEGMENT1,A,,1002470,,1007,21,2,L,,Oct-08,1996,Period Average21,Period End21,,,STANDARD_ACCRUAL,S,US,13807,N,N,,N,N,2006-08-11 21:17:28,1,1996-01-03 18:41:21,1002,0,,,,,,,,N
N,,N,N,N,,1006,51569,NZD,Accounting,Month,Dec-95,83969,Y,Y,Y,N,83971,,,83972,N,N,N,N,N,,,,,,,,,,,,Y,Y,N,Y,373,Vision New Zealand,NZ Vision,Vision New Zealand Limited - Set of Books,PRIMARY,NONE,L,L,CONFIRMED,A,SEGMENT1,A,,1010723,,1008,373,4,L,,,,,,,,STANDARD_ACCRUAL,S,US,83970,N,N,,N,N,2006-08-11 21:17:28,1,2002-02-28 15:04:51,1318,0,,,,,,,,N
N,,N,N,N,,1007,50558,SEK,Accounting13,Month,12-98,21051,Y,Y,N,N,21053,,,,N,N,N,N,N,,,,,,,,,,,,Y,Y,N,Y,122,Vision Sweden,Vision SE,Vision Sweden,PRIMARY,SOURCE,L,L,CONFIRMED,I,SEGMENT1,A,,1004962,,1009,122,4,L,,10-08,2004,Period Average122,Period End122,,,STANDARD_ACCRUAL,S,US,21052,N,N,,N,N,2006-08-11 21:17:28,1,1999-07-23 09:32:21,2048,0,,,,,,,,N
N,,N,N,N,,1008,50958,USD,Accounting,Month,Adj-98,25330,Y,N,N,N,25332,,,,N,N,N,N,N,,,,,,,,,,,,Y,Y,N,Y,228,Vision Investment Services,Investment Services,Vision Investment Services Set of Books (USD),PRIMARY,SOURCE,L,L,CONFIRMED,A,SEGMENT1,A,,1005651,,1010,228,1,L,,Oct-08,1998,,,,,STANDARD_ACCRUAL,S,US,24990,N,N,,N,N,2006-08-11 21:17:28,1,2000-02-17 11:57:49,1318,0,,,,,,,,N
N,,N,N,N,,1062,50569,FRF,Accounting13,Month,12-98,21060,Y,Y,N,N,21062,21064,,,N,N,N,Y,N,,,,,,,,,,,,Y,Y,N,Y,163,Vision France (FRF - Rpt.),Vision FR - FRF,Vision France (FRF - Rpt.),ALC,TARGET,L,L,CONFIRMED,I,SEGMENT1,A,,1004962,,1011,163,1,L,,09-03,2003,Period Average163,Period End163,,,STANDARD_ACCRUAL,S,US,21061,N,N,,N,N,2006-08-11 21:17:28,1,1999-04-02 11:04:11,2044,0,,,,,,,,N
N,,N,N,N,,1009,52076,DKK,Accounting13,Month,11-02,99457,N,Y,N,N,99458,,,,N,N,Y,Y,N,,,,,,,,,,,,Y,Y,N,Y,541,Vision Denmark,Vision DK,Vision Denmark set of books,PRIMARY,NONE,L,L,CONFIRMED,I,SEGMENT1,A,,1004962,,1012,541,1,L,,10-08,2002,,,,,STANDARD_ACCRUAL,S,US,,N,N,,N,N,2006-08-11 21:17:28,1,2003-03-11 09:31:41,1005691,0,,,,,,,,N
N,,N,N,N,,1010,52369,USD,4-4-5 Calendar,21,DEC-01,113892,Y,Y,Y,N,,,,113893,N,N,N,N,N,,,,,,,,,,,,Y,Y,N,Y,568,Vision Project Mfg,Projmfg,Vision Project Manufacturing Set of Books (as defined for A&D Build),PRIMARY,NONE,L,L,CONFIRMED,A,SEGMENT1,A,,1003706,,1013,568,3,L,,NOV-08,2003,,,,,STANDARD_ACCRUAL,S,US,113893,N,N,,N,N,2006-08-11 21:17:28,1,2003-10-07 13:44:21,1318,0,,,,,,,,N
N,,N,N,N,,1011,50714,EUR,Accounting13,Month,12-98,21710,N,Y,N,N,21711,21713,,,Y,N,N,Y,N,,,,,,,,,,,,Y,Y,N,Y,186,Vision Belgium,Vision BE,Vision Belgium,PRIMARY,SOURCE,L,L,CONFIRMED,I,SEGMENT1,A,,1004962,,1014,186,4,L,,10-08,2008,Period Average186,Period End186,Period Average B186,Period End B186,ENCUMBRANCE_ACCRUAL,S,US,,N,N,,N,N,2006-08-11 21:17:28,1,1999-10-06 07:04:26,1318,0,,,,,,,,N
N,,N,N,N,,1012,52902,GBP,Fiscal - 14,104,OPEN-04/05,130989,Y,N,N,N,,,,,N,N,N,N,N,,,,,,,,,,,,Y,Y,N,Y,713,Progress UK Health Services,UKHS,UK Health Services,PRIMARY,NONE,L,L,CONFIRMED,A,SEGMENT1,A,,1018696,,1015,713,6,L,,JUL-05/06,2005,,,,,STANDARD_ACCRUAL,S,US,130990,N,N,,N,N,2006-08-11 21:17:28,1,2005-05-23 09:49:36,1001406,0,,,,,,,,N
N,,Y,N,N,1,1013,50978,GBP,Accounting,Month,Jan-99,25369,Y,Y,N,Y,25371,,25372,,N,N,N,N,N,,,,,,,,,,,,Y,Y,N,Y,248,Vision Bank - London (GBP),VBLGBP,Vision Bank - London (GBP) Set of Books,PRIMARY,SOURCE,L,L,CONFIRMED,A,SEGMENT1,A,,1005692,,1016,248,2,L,,Oct-08,1999,,,,,INSTITUTIONAL_BANKING_UK_GAAP,C,US,25370,N,N,,N,N,2007-08-20 00:00:00,1012657,2000-02-23 08:25:38,1238,4870736,,,,,,,Corporate,N
N,,N,N,N,,1014,101,USD,Accounting,Month,Dec-95,12827,Y,Y,Y,N,12829,,,27120,N,N,N,N,N,,,,,,,,,,,,Y,Y,N,Y,1,Vision Operations (USA),Vision Operations,Vision Operations (USA) Ledger,PRIMARY,SOURCE,L,L,CONFIRMED,I,SEGMENT1,A,,1002470,,1017,1,2,L,,Jan-22,2021,Period Average1,Period End1,,,STANDARD_ACCRUAL,S,US,12828,N,N,,N,N,2006-09-11 00:00:00,1055,1997-02-10 11:15:52,1002,4107139,,,,,,,,N
N,,N,N,N,,1015,52077,HUF,Accounting13,Month,12-02,99459,N,N,N,N,,,,,N,N,N,Y,N,,,,,,,,,,,,Y,Y,N,Y,542,Vision Hungary,Vision HU,Vision Hungary set of books,PRIMARY,NONE,L,L,CONFIRMED,I,SEGMENT2,A,,1004962,,1018,542,1,L,,10-08,2002,,,,,ENCUMBRANCE_ACCRUAL,S,US,,N,N,,N,N,2006-08-11 21:17:28,1,2003-03-11 09:43:04,1005692,0,,,,,,,,N
N,,N,N,N,,1016,51869,NOK,Accounting13,Month,01-04,91763,N,N,N,N,91765,,,,N,N,N,Y,N,,,,,,,,,,,,Y,Y,N,Y,477,Vision Norway,Vision NO,Primary Set of Books for Vision Norway,PRIMARY,SOURCE,L,L,CONFIRMED,I,SEGMENT5,A,,1004962,,1019,477,2,L,,10-08,2004,,,,,STANDARD_ACCRUAL,S,US,91764,N,N,,N,N,2006-08-11 21:17:28,1,2003-01-21 17:22:16,1318,0,,,,,,,,N
N,,N,N,N,,1021,52922,EUR,Accounting13,Month,12-03,131009,N,Y,N,N,131010,,,,N,N,N,Y,N,,,,,,,,,,,,Y,Y,Y,Y,734,Progress BE (Cash),PS BE (Cash),BE Public Sector Cash SOB,SECONDARY,NONE,L,L,CONFIRMED,A,SEGMENT1,A,,1018757,,1020,734,4,L,,06-05,2003,Period Average734,Period End734,,,STANDARD_CASH,S,US,,N,N,,N,N,2006-08-11 21:17:28,1,2005-05-25 02:14:22,1001406,0,,,,,,,,N
N,N,N,N,N,,1187,53642,INR,PP Fiscal,226,APR-21,343118,N,N,N,N,,,,,N,N,N,N,N,,,,,,,,,,,,N,Y,N,Y,1105,Pr India Ledger,Pr India Le1105(INR),,PRIMARY,NONE,L,L,,A,SEGMENT1,A,,1026107,,1303,,1,L,,JUN-21,2022,,,,,STANDARD_ACCRUAL,S,US,,,N,,,,2021-06-27 00:41:27,1013699,2021-06-26 00:00:00,1013699,6197533,,,,,,,,N
N,N,N,N,N,,1207,53683,USD,DEMO_22A/c Cale,265,Jan-22,-1,N,N,N,N,,,,,N,N,N,N,N,,,,,,,,,,,,N,Y,N,Y,1125,DEMO22Primary Ledger,DEMO22Prima1125(USD),,PRIMARY,NONE,L,L,,I,SEGMENT1,A,,1026167,,1324,,1,L,,Jan-22,2022,,,,,,,,,,,,,,2022-01-26 10:10:02,1013925,2022-01-26 00:00:00,1013925,6329728,,,,,,,,N
N,,N,N,N,,1065,101,USD,Accounting,Month,Dec-04,150452,Y,Y,Y,N,150454,,,150453,N,N,N,N,N,,,,,,,,,,,,Y,Y,N,Y,956,Vision Germany SL (USD),Vision DE SL (USD),Vision Germany Secondary Ledger (USD),SECONDARY,NONE,L,L,,I,SEGMENT1,A,,1002470,,1141,126,1,L,,Dec-08,2004,Period Average126,Period End126,,,STANDARD_ACCRUAL_SL,C,US,150451,,Y,150451,,,2007-01-11 00:00:00,2045,2006-09-01 10:06:24,2045,4560042,,,,,,,,N
N,,N,N,N,,1002,101,USD,Accounting,Month,Dec-04,149436,Y,Y,Y,N,149439,,,149438,N,N,N,N,N,,,,,,,,,,,,Y,Y,N,Y,934,Vision Netherlands SL (USD),Vision NL SL (USD),Vision Netherlands Secondary ledger (USD),SECONDARY,NONE,L,L,,I,SEGMENT1,A,,1002470,,1120,123,1,L,,Dec-08,2004,Period Average123,Period End123,,,,,,,,,,,,2006-09-01 05:18:30,2047,2006-09-01 04:57:24,2047,4092700,,,,,,,,N
N,,N,N,N,,,53213,X,Accounting13,Month,X,-1,N,N,N,N,,,,,N,N,N,N,N,,,,,,,,,,,,N,N,,,974,SSC All,SSC All,SSC All Ledgers Set (53213),NONE,NONE,S,U,,I,SEGMENT1,I,,1020013,,1160,,0,S,,,,,,,,,,,,,,,,,2006-09-11 04:30:52,1011771,2006-09-11 04:29:15,1011771,4106907,,,,,,,,N
N,,N,N,N,,1030,53213,USD,Accounting13,Month,12-04,136668,Y,Y,Y,N,,,,139447,N,N,N,N,N,,,,,,,,,,,,Y,Y,N,Y,919,SSC Italy ALC (USD),SSC IT ALC (USD),SSC Italy Additional Ledger Currency (USD),ALC,TARGET,L,L,,I,SEGMENT1,A,,1020013,,1103,876,1,L,,06-08,2004,Period Average876,Period End876,,,STANDARD_ACCRUAL,S,US,136669,,N,,N,N,2006-08-31 08:39:23,1011771,2006-08-31 08:23:39,1011771,4092001,,,,,,,,N
N,,N,N,N,,,101,X,Accounting,Month,X,-1,N,N,N,N,,,,,N,N,N,N,N,,,,,,,,,,,,N,N,,,976,Vision Operations Corp.,Ops Corp,Vision Operations Corporation (101),NONE,NONE,S,U,,I,SEGMENT1,I,,1002470,,1161,,0,S,,,,,,,,,,,,,,,,,2006-09-11 05:12:14,1055,2006-09-11 05:11:21,1055,4107139,,,,,,,,N
N,,N,N,N,,1046,53253,EUR,Accounting13,Month,12-04,147437,Y,Y,Y,N,147439,147440,,147438,N,N,N,N,N,,,,,,,,,,,,N,Y,N,Y,914,SSC France SL (EUR),SSC FR SL (EUR),SSC France Secondary Ledger (EUR) (Differs fr. PL in Account & Nature segments),SECONDARY,NONE,L,L,,I,SEGMENT1,A,,1020013,,1100,875,1,L,,12-08,2004,Corporate,Corporate,,,FR_ACCRUAL,C,US,147436,,N,,,,2007-02-19 00:00:00,1011771,2006-08-31 06:43:14,1011771,4669094,,,,,,,,N
N,,N,N,N,,1046,53213,USD,Accounting13,Month,12-04,136665,Y,Y,Y,N,,,,139428,N,N,N,N,N,,,,,,,,,,,,Y,Y,N,Y,916,SSC France ALC (USD),SSC FR ALC (USD),SSC France Additional Ledger Currency (USD),ALC,TARGET,L,L,,I,SEGMENT1,A,,1020013,,1101,875,1,L,,06-08,2004,Period Average875,Period End875,,,STANDARD_ACCRUAL,S,US,136666,,N,,N,N,2006-08-31 07:23:59,1011771,2006-08-31 07:21:12,1011771,4091902,,,,,,,,N
N,,N,N,N,,1030,53254,EUR,Accounting13,Month,12-04,147443,Y,Y,Y,N,147446,147447,,147445,Y,N,N,N,N,,,,,,,,,,,,N,Y,N,Y,917,SSC Italy SL (EUR),SSC IT SL (EUR),SSC Italy Secondary Ledger (EUR) (Differs fr. PL in Account segment),SECONDARY,NONE,L,L,,I,SEGMENT1,A,,1020013,,1102,876,1,L,,12-08,2004,Corporate,Corporate,,,,,,,,,,,,2006-08-31 08:16:32,1011771,2006-08-31 07:40:58,1011771,4091993,,,,,,,,N
N,,N,N,N,,1032,50713,EUR,Accounting13,Month,01-99,22911,Y,Y,Y,N,22913,22915,,23009,Y,N,N,N,N,,,,,,,,,,,,Y,Y,N,Y,207,Vision Italy EUR,Vision IT (EUR),Vision Italy (EUR),PRIMARY,SOURCE,L,L,CONFIRMED,I,SEGMENT1,A,,1004962,,1041,207,4,L,,10-08,2008,Period Average207,Period End207,Period Average B207,Period End B207,ENCUMBRANCE_ACCRUAL,S,US,22912,N,Y,22912,N,N,2006-08-11 21:17:28,1,1999-12-03 01:25:00,2190,0,,,,,,,,N
N,,N,N,N,,1033,53108,RON,Accounting13,Month,12-98,134442,N,N,N,N,,,,,N,N,N,N,N,,,,,,,,,,,,Y,Y,N,Y,793,Vision Romania,Vision RO,Vision Romania,PRIMARY,NONE,L,L,CONFIRMED,A,SEGMENT1,A,,1019501,,1042,793,1,L,,,,,,,,STANDARD_ACCRUAL,S,US,,N,N,,N,N,2006-08-11 21:17:28,1,2005-09-30 00:37:18,1011059,0,,,,,,,,N
N,,N,N,N,,1065,50577,DEM,Accounting13,Month,12-98,21070,Y,Y,N,N,21072,,,,N,N,N,N,N,,,,,,,,,,,,Y,Y,N,Y,162,Vision Germany (DEM - Rpt.),Vision DE - DEM,Vision Germany (DEM - Rpt.),ALC,TARGET,L,L,CONFIRMED,I,SEGMENT1,A,,1004962,,1043,162,4,L,,10-08,1998,Period Average162,Period End162,,,STANDARD_ACCRUAL,S,US,21071,N,N,,N,N,2006-08-11 21:17:28,1,1999-04-02 07:47:57,2045,0,,,,,,,,N
N,,N,N,N,,1034,52074,CLP,Accounting13,Month,11-02,99454,Y,Y,N,N,99456,,,,N,N,N,N,N,,,,,,,,,,,,Y,Y,N,Y,540,Vision Chile,Vision CL,Vision Chile,PRIMARY,SOURCE,L,L,CONFIRMED,A,SEGMENT1,A,,1013217,,1044,540,4,L,,10-08,2002,,,,,STANDARD_ACCRUAL,S,US,99455,N,N,,N,N,2006-08-11 21:17:28,1,2003-03-11 09:17:14,1005690,0,,,,,,,,N
N,,N,N,N,,1035,51847,CZK,Accounting13,Month,01-04,91421,N,N,N,N,,,,,N,N,N,Y,N,,,,,,,,,,,,Y,Y,N,Y,455,Vision Czech,CZ SOB,Czech Republic Set of Books,PRIMARY,NONE,L,L,CONFIRMED,I,SEGMENT1,A,,1002470,,1045,455,2,L,,10-08,2004,,,,,STANDARD_ACCRUAL,S,US,91422,N,N,,N,N,2006-08-11 21:17:28,1,2003-01-10 07:56:50,1318,0,,,,,,,,N
N,,N,N,N,,1036,51623,EUR,Accounting13,Month,13-99,82102,Y,Y,N,N,82103,100069,,100068,Y,N,N,N,N,,,,,,,,,,,,Y,Y,N,Y,352,PS Germany,DE Amt,Germany Public Sector,PRIMARY,NONE,L,L,CONFIRMED,A,SEGMENT1,A,,1010797,,1046,352,3,L,,10-08,2003,Period Average352,Period End352,Period Average B352,Period End B352,ENCUMBRANCE_ACCRUAL,S,US,100067,N,N,,N,N,2006-08-11 21:17:28,1,2002-02-08 09:56:40,2045,0,,,,,,,,N
N,,N,N,N,,1051,50317,USD,4-4-5 Calendar,21,NOV-97,17648,Y,Y,N,N,17650,,,,N,N,N,N,N,,,,,,,,,,,,Y,Y,N,Y,104,Vision Project Mfg (USA Rpt.),Project Mfg. USD,Vision Project Manufacturing (MRC USD Reporting) SoB,ALC,TARGET,L,L,CONFIRMED,A,SEGMENT1,A,,1003706,,1047,104,4,L,,ADJ-12,1997,,,,,STANDARD_ACCRUAL,S,US,17649,N,N,,N,N,2006-08-11 21:17:28,1,1997-12-07 14:41:07,1002,0,,,,,,,,N
N,,N,N,N,,1037,51549,USD,Federal,124,OCT-adj/98-99,321994,Y,N,Y,N,,321993,,321993,Y,Y,N,N,N,,,,,,,,,,,,Y,Y,N,Y,332,US Federal,USFED,US Federal Set of Books,PRIMARY,NONE,L,L,CONFIRMED,I,SEGMENT2,A,,1010703,,1048,332,8,L,,OCT/08-09,2008,,,,,UNITED_STATES_FEDERAL,S,US,321993,N,N,,N,N,2008-02-26 00:00:00,1003399,2002-02-04 07:24:36,1318,5243651,,,,,,,,N
N,,N,N,N,,1038,51825,BHT,Accounting,Month,Jan-04,91327,Y,Y,Y,N,91329,,,91330,N,N,N,N,N,,,,,,,,,,,,Y,Y,N,Y,433,Vision Thailand,Vision Thai,Vision Thailand,PRIMARY,NONE,L,L,CONFIRMED,A,SEGMENT1,A,,1002470,,1049,433,4,L,,Oct-08,2004,,,,,STANDARD_ACCRUAL,S,US,91328,N,N,,N,N,2006-08-11 21:17:28,1,2003-01-06 08:56:19,1318,0,,,,,,,,N
N,,N,N,N,,1051,50317,ANY,4-4-5 Calendar,21,NOV-97,17648,Y,Y,Y,N,17650,,,17649,N,N,N,N,N,,,,,,,,,,,,Y,Y,N,Y,102,Vision Project Mfg (ANY Rpt),Project Mfg ANY,Vision Project Manufacturing (MRC Reporting ANY) SoB,ALC,TARGET,L,L,CONFIRMED,A,SEGMENT1,A,,1003706,,1050,102,4,L,,ADJ-12,1997,Period Average102,Period End102,,,STANDARD_ACCRUAL,S,US,17649,N,N,,N,N,2006-08-11 21:17:28,1,1997-12-07 14:03:13,1002,0,,,,,,,,N
N,,N,N,N,,1039,53028,INR,Progress Canda,Month,APR-01,134752,N,N,N,N,,,,,N,N,N,N,N,,,,,,,,,,,,Y,Y,N,Y,753,Vision India,India,Vision India SOB,PRIMARY,NONE,L,L,CONFIRMED,A,SEGMENT1,A,,1019534,,1051,753,1,L,,OCT-09,2001,,,,,STANDARD_ACCRUAL,S,US,134772,N,N,,N,N,2007-09-20 04:24:10,1011080,2005-06-09 03:18:09,1318,4919560,,,,,,,,N
N,,N,N,N,,1064,51088,USD,GOV Calendar,21,JUL-04,30186,Y,Y,Y,N,,27509,,28012,Y,N,N,N,N,,,,,,,,,,,,Y,Y,Y,Y,609,Progress State and Local Cash,GOV CASH,Progress State & Local Cash Basis Set of Books,SECONDARY,NONE,L,L,CONFIRMED,I,SEGMENT1,A,,1006755,,1052,609,24,L,,OCT-09,2008,,,,,ENCUMBRANCE_CASH,S,US,28011,N,N,,N,N,2008-04-22 00:00:00,1000354,2004-03-24 14:57:54,1000354,5316412,,,,,,,,N
N,,N,N,N,,1040,50712,EUR,Accounting13,Month,12-02,21704,N,N,N,N,21706,,,,N,N,N,N,N,,,,,,,,,,,,Y,Y,N,Y,185,Vision Spain,Vision ES,Vision Spain,PRIMARY,NONE,L,L,CONFIRMED,I,SEGMENT1,A,,1004962,,1053,185,1,L,,10-08,2002,Period Average185,Period End185,Period Average B185,Period End B185,STANDARD_ACCRUAL,S,US,21705,N,N,,N,N,2006-08-11 21:17:28,1,1999-10-06 06:51:28,1318,0,,,,,,,,N
N,N,N,N,N,,1125,53602,USD,PP Accounting,185,JAN-21,340129,N,N,N,N,,,,,N,N,N,N,N,,,,,,,,,,,,N,Y,N,Y,1085,PP INDIA USD RC,PP INDIA USD RC,,ALC,TARGET,L,L,,I,SEGMENT1,A,,1026067,,1284,,1,L,,,,,,,,STANDARD_ACCRUAL,S,US,,,N,,,,2021-06-19 00:00:00,1013681,2021-06-19 00:00:00,1013681,6193487,,,,,,,,N
