REGENERATION_INTERVAL,LCM_ENABLED_FLAG,LCM_VAR_ACCOUNT,ALLOW_DIFFERENT_STATUS,CHILD_LOT_ALPHA_PREFIX,CHILD_LOT_NUMBER_LENGTH,CHILD_LOT_VALIDATION_FLAG,CHILD_LOT_ZERO_PADDING_FLAG,COPY_LOT_ATTRIBUTE_FLAG,CREATE_LOT_UOM_CONVERSION,GENEALOGY_FORMULA_SECURITY,PARENT_CHILD_GENERATION_FLAG,RULES_OVERRIDE_LOT_RESERVATION,YARD_MANAGEMENT_ENABLED_FLAG,TRADING_PARTNER_ORG_FLAG,DEFERRED_COGS_ACCOUNT,DEFAULT_CROSSDOCK_CRITERIA_ID,ENFORCE_LOCATOR_ALIS_UNQ_FLAG,EPC_GENERATION_ENABLED_FLAG,COMPANY_PREFIX,DEFER_LOGICAL_TRANSACTIONS,WCS_ENABLED,WIP_OVERPICK_ENABLED,OVPK_TRANSFER_ORDERS_ENABLED,TOTAL_LPN_LENGTH,UCC_128_SUFFIX_FLAG,AUTO_DEL_ALLOC_FLAG,RFID_VERIF_PCNT_THRESHOLD,COMPANY_PREFIX_INDEX,CARTONIZE_MANUFACTURING,DEFAULT_PICK_OP_PLAN_ID,MAX_CLUSTERS_ALLOWED,CONSIGNED_FLAG,CARTONIZE_SALES_ORDERS,ATTRIBUTE4,ATTRIBUTE5,ATTRIBUTE6,ATTRIBUTE7,ATTRIBUTE8,ATTRIBUTE9,ATTRIBUTE10,ATTRIBUTE11,ATTRIBUTE12,ATTRIBUTE13,ATTRIBUTE14,ATTRIBUTE15,DEFAULT_DEMAND_CLASS,ENCUMBRANCE_REVERSAL_FLAG,MAINTAIN_FIFO_QTY_STACK_TYPE,INVOICE_PRICE_VAR_ACCOUNT,AVERAGE_COST_VAR_ACCOUNT,SALES_ACCOUNT,EXPENSE_ACCOUNT,SERIAL_NUMBER_GENERATION,REQUEST_ID,PROGRAM_APPLICATION_ID,PROGRAM_ID,PROGRAM_UPDATE_DATE,GLOBAL_ATTRIBUTE_CATEGORY,GLOBAL_ATTRIBUTE1,GLOBAL_ATTRIBUTE2,GLOBAL_ATTRIBUTE3,GLOBAL_ATTRIBUTE4,GLOBAL_ATTRIBUTE5,GLOBAL_ATTRIBUTE6,GLOBAL_ATTRIBUTE7,GLOBAL_ATTRIBUTE8,GLOBAL_ATTRIBUTE9,GLOBAL_ATTRIBUTE10,GLOBAL_ATTRIBUTE11,GLOBAL_ATTRIBUTE12,GLOBAL_ATTRIBUTE13,GLOBAL_ATTRIBUTE14,GLOBAL_ATTRIBUTE15,GLOBAL_ATTRIBUTE16,GLOBAL_ATTRIBUTE17,GLOBAL_ATTRIBUTE18,GLOBAL_ATTRIBUTE19,GLOBAL_ATTRIBUTE20,MAT_OVHD_COST_TYPE_ID,PROJECT_REFERENCE_ENABLED,PM_COST_COLLECTION_ENABLED,PROJECT_CONTROL_LEVEL,AVG_RATES_COST_TYPE_ID,PROJECT_COST_ACCOUNT,ORG_MAX_WEIGHT,ORG_MAX_WEIGHT_UOM_CODE,ORG_MAX_VOLUME,ORG_MAX_VOLUME_UOM_CODE,TXN_APPROVAL_TIMEOUT_PERIOD,MO_SOURCE_REQUIRED,MO_PICK_CONFIRM_REQUIRED,MO_APPROVAL_TIMEOUT_ACTION,BORRPAY_MATL_VAR_ACCOUNT,BORRPAY_MOH_VAR_ACCOUNT,BORRPAY_RES_VAR_ACCOUNT,BORRPAY_OSP_VAR_ACCOUNT,BORRPAY_OVH_VAR_ACCOUNT,PROCESS_ENABLED_FLAG,PROCESS_ORGN_CODE,WSM_ENABLED_FLAG,DEFAULT_COST_GROUP_ID,LPN_PREFIX,LPN_SUFFIX,LPN_STARTING_NUMBER,WMS_ENABLED_FLAG,PREGEN_PUTAWAY_TASKS_FLAG,TIMEZONE_ID,MAX_PICKS_BATCH,DEFAULT_WMS_PICKING_RULE_ID,DEFAULT_PUT_AWAY_RULE_ID,DEFAULT_TASK_ASSIGN_RULE_ID,DEFAULT_LABEL_COMP_RULE_ID,DEFAULT_CARTON_RULE_ID,DEFAULT_CYC_COUNT_HEADER_ID,CROSSDOCK_FLAG,CARTONIZATION_FLAG,COST_CUTOFF_DATE,ENABLE_COSTING_BY_CATEGORY,COST_GROUP_ACCOUNTING,ALLOCATE_SERIAL_FLAG,DEFAULT_PICK_TASK_TYPE_ID,DEFAULT_CC_TASK_TYPE_ID,DEFAULT_PUTAWAY_TASK_TYPE_ID,DEFAULT_REPL_TASK_TYPE_ID,EAM_ENABLED_FLAG,MAINT_ORGANIZATION_ID,DEFAULT_MOXFER_TASK_TYPE_ID,DEFAULT_MOISSUE_TASK_TYPE_ID,PRIORITIZE_WIP_JOBS,DEFAULT_CROSSDOCK_SUBINVENTORY,SKIP_TASK_WAITING_MINUTES,QA_SKIPPING_INSP_FLAG,DEFAULT_CROSSDOCK_LOCATOR_ID,DEFAULT_MATL_OVHD_COST_ID,DISTRIBUTED_ORGANIZATION_FLAG,CARRIER_MANIFESTING_FLAG,DISTRIBUTION_ACCOUNT_ID,DIRECT_SHIPPING_ALLOWED,DEFAULT_STATUS_ID,COMMERCIAL_GOVT_ENTITY_NUMBER,LABOR_MANAGEMENT_ENABLED_FLAG,ORGANIZATION_ID,LAST_UPDATE_DATE,LAST_UPDATED_BY,CREATION_DATE,CREATED_BY,LAST_UPDATE_LOGIN,ORGANIZATION_CODE,MASTER_ORGANIZATION_ID,PRIMARY_COST_METHOD,COST_ORGANIZATION_ID,DEFAULT_MATERIAL_COST_ID,CALENDAR_EXCEPTION_SET_ID,CALENDAR_CODE,GENERAL_LEDGER_UPDATE_CODE,DEFAULT_ATP_RULE_ID,DEFAULT_PICKING_RULE_ID,DEFAULT_LOCATOR_ORDER_VALUE,DEFAULT_SUBINV_ORDER_VALUE,NEGATIVE_INV_RECEIPT_CODE,STOCK_LOCATOR_CONTROL_CODE,MATERIAL_ACCOUNT,MATERIAL_OVERHEAD_ACCOUNT,MATL_OVHD_ABSORPTION_ACCT,RESOURCE_ACCOUNT,PURCHASE_PRICE_VAR_ACCOUNT,AP_ACCRUAL_ACCOUNT,OVERHEAD_ACCOUNT,OUTSIDE_PROCESSING_ACCOUNT,INTRANSIT_INV_ACCOUNT,INTERORG_RECEIVABLES_ACCOUNT,INTERORG_PRICE_VAR_ACCOUNT,INTERORG_PAYABLES_ACCOUNT,COST_OF_SALES_ACCOUNT,ENCUMBRANCE_ACCOUNT,INTERORG_TRANSFER_CR_ACCOUNT,MATL_INTERORG_TRANSFER_CODE,INTERORG_TRNSFR_CHARGE_PERCENT,SOURCE_ORGANIZATION_ID,SOURCE_SUBINVENTORY,SOURCE_TYPE,SERIAL_NUMBER_TYPE,AUTO_SERIAL_ALPHA_PREFIX,START_AUTO_SERIAL_NUMBER,AUTO_LOT_ALPHA_PREFIX,LOT_NUMBER_UNIQUENESS,LOT_NUMBER_GENERATION,LOT_NUMBER_ZERO_PADDING,LOT_NUMBER_LENGTH,STARTING_REVISION,ATTRIBUTE_CATEGORY,ATTRIBUTE1,ATTRIBUTE2,ATTRIBUTE3
,N,,,,80,N,N,N,,,Y,,,Y,336071,,N,N,,2,,N,Y,,N,N,,,N,,,,Y,,,,,,,,,,,,,,2,,336068,336072,336070,336067,1,,,,,,,,,,,,,,,,,,,,,,,,,,,2,2,,1002,,,,,,,2,2,1,,,,,,N,,N,42505,,,,N,2,,,,,,,,,1,1,,,,,,,,,N,,,,1,,,N,,,N,N,,N,,,N,7913,2019-12-03 02:06:53,1013599,2019-12-03 02:06:53,1013599,5942640,200,204,2,7913,,-1,Vision01,3,,,,,1,1,336062,336064,,336066,,336069,336065,336063,336062,,,,336071,,,1,,,,,1,,1,,2,2,2,30,0,,,,
,N,,,,80,N,N,N,,,Y,,,,347116,,N,N,,2,,N,Y,,N,N,,,N,,,,Y,,,,,,,,,,,,,,2,,347116,,347116,,3,,,,,,,,,,,,,,,,,,,,,,,,,,,2,2,,,347116,,,,,,2,2,1,,,,,,N,,N,44505,,,,N,2,,,,,,,,,1,1,,,,,,,,,N,,,,1,,,N,,,N,N,,N,,,N,8056,2022-01-28 08:21:58,1013925,2022-01-28 08:21:58,1013925,6331788,DET,8056,1,8056,,-1,XCycle,1,,,,,2,1,347126,347116,,,347116,347116,,,,,,,347116,347116,,1,,,,,2,,,,2,2,2,30,0,,,,
,,,,,,,,,,,,,,,88552,,,,,,,N,Y,,,,,,,,,,,,,,,,,,,,,,,,2,,88550,,88551,88553,2,,,,,,,,,,,,,,,,,,,,,,,,,,,2,2,,,,,,,,,,2,1,,,,,,Y,TR1,N,1649,,,,N,,,,,,,,,,,,,,,,,,,,N,,,,,,,N,,,,,,,,,,1386,2006-06-28 14:55:12,2330,1999-12-07 13:02:11,1318,4009624,TW2,1080,1,1386,,-1,Vision01,1,,,,,1,4,88504,88506,,88507,88549,88503,88517,88505,88511,88428,88549,88403,88552,,88509,1,,,,,1,,,,2,2,2,30,0,,,,
,,,,,,,,,,,,,,,88502,,,,,,,N,Y,,,,,,,,,,,,,,,,,,,,,,,,2,,88512,,88430,88508,1,,,,,,,,,,,,,,,,,,,,,,,,,,,2,2,,,,,,,,,2,2,1,,,,,,N,,N,1641,,,,N,,,,,,,,,,,,,,,,,,,,N,,,,,,,N,,,,,,,,,,996,2002-10-16 16:35:39,2330,2000-06-20 07:07:48,2936,1836587,PRU,1080,1,996,,-1,Vision01,2,,,,,1,1,88504,88506,,88507,88510,88503,22968,88505,88511,88428,88510,88403,88502,,88509,1,,,,,1,,,,2,2,2,30,0,,,,
,,,,,,,,,,,,,,,88542,,,,,,,N,Y,,,,,,,,,,,,,,,,,,,,,,,,2,,88540,,88541,88543,1,,,,,,,,,,,,,,,,,,,,,,,,,,,2,2,,,,,,,,,2,2,1,,,,,,Y,TR2,N,1647,,,,N,,,,,,,,,,,,,,,,,,,,N,,,,,,,N,,,,,,,,,,1387,2002-10-16 19:04:16,2330,2000-06-26 11:26:04,2936,1836633,TR2,1080,1,1387,,-1,Vision01,1,,,,,1,1,88504,88506,,88507,88539,88503,88517,88505,88511,88428,88539,88403,88542,,88509,1,,,,,1,,,,2,2,2,30,0,,,,
,,,,,,,,,,,,,,,88557,,,,,,,N,Y,,,,,,,,,,,,,,,,,,,,,,,,2,,88555,,88556,88558,1,,,,,,,,,,,,,,,,,,,,,,,,,,,2,2,,,,,,,,,2,2,1,,,,,,Y,TR2,N,1650,,,,N,,,,,,,,,,,,,,,,,,,,N,,,,,,,N,,,,,,,,,,1407,2002-10-16 19:20:45,2330,2000-06-27 12:06:26,2936,1836633,TW3,1080,1,1407,,-1,Vision01,1,,,,,1,1,88504,88506,,88507,88554,88503,88517,88505,88511,88428,88554,88403,88557,,88509,1,,,,,1,,,,2,2,2,30,0,,,,
,,,,,,,,,,,,,,,27559,,,,,,,N,Y,,,,,,,,,,,,,,,,,,,,,,,,1,,27555,27560,27558,27550,2,,,,,,,,,,,,,,,,,,,,,,,,,,,2,1,,,,,,,,,2,2,1,,,,,,N,,N,1,,,,N,,,,,,,,,,,,,,,,,,,,,,,,,,,N,,,,,,,,,,1448,2000-09-13 11:11:15,1000354,2000-08-08 16:03:23,1000354,529121,PUB,1448,2,1448,,-1,Progress01,1,,,,,1,1,27548,27549,,27549,27552,27556,27549,27548,27548,27554,27552,27553,27559,27557,27551,1,,,,,1,,,,2,2,2,30,0,,,,
,,,,,,,,,,,,,,,27576,,,,,,,N,Y,,,,,,,,,,,,,,,,,,,,,,,,1,,27572,27577,27575,27567,2,,,,,,,,,,,,,,,,,,,,,,,,,,,1,1,2,,27563,,,,,,2,2,1,40354,40354,40354,40354,40354,N,,N,1274,,,,N,,,,,,,,,,,,,,,,,,,,,,,,,,,N,,,,,,,,,,1475,2001-02-21 11:54:17,1000354,2000-08-08 16:15:23,1000354,737592,PRG,1448,2,1475,,-1,Progress01,2,2,3,,,1,1,27565,27566,,27566,27569,27573,27566,27565,27565,27571,27569,27570,27576,27574,27568,4,10,,,2,1,,,POW,1,1,1,10,0,,,,
,,,,,,,,,,,,,,,27594,,,,,,,N,Y,,,,,,,,,,,,,,,,,,,,,,,,1,,27590,27595,27593,27585,2,,,,,,,,,,,,,,,,,,,,,,,,,,,1,1,2,1000,27563,,,,,,2,2,1,40354,40354,40354,40354,40354,N,,N,1250,,,,N,,,,,,,,,,,,,,,,,,,,,,,,,,,N,,,,,,,,,,1471,2001-02-21 17:04:53,1000354,2000-08-08 16:36:40,1000354,738635,PW,1448,2,1471,,-1,Progress01,2,69,3,,,1,4,27583,27584,,27584,27587,27591,27584,27583,27583,27589,27587,27588,27594,27592,27586,2,,,,2,1,,,PW,1,1,1,10,0,,,,
,,,,,,,,,,,,,,,31413,,,,,,,N,Y,,,,,,,,,,,,,,,,,,,,,,,,2,,31411,,31412,31408,1,,,,,,,,,,,,,,,,,,,,,,,,,,,2,2,,,,,,,,,2,2,1,,,,,,N,,Y,1241,,,,N,2,,,,,,,,,,,,,,,,,,,,,,,,,,N,,,,,17347,,,,,1642,2001-05-17 11:20:52,1001568,2001-01-10 09:34:41,1068,921043,M5,204,1,1642,820,-1,Vision01,1,,,,,1,1,13401,13513,,15339,31410,13402,15338,13512,13516,13780,31410,13779,31413,,31409,1,,,,2,1,,,,2,2,1,30,0,,,,
,,,,,,,,,,,C,,,,291920,,,,,,,N,Y,,,,,,,,,,,,,,,,,,,,,,,,2,,31417,31420,31418,31414,2,,,,,,,,,,,,,,,,,,,,,,,,,,,2,2,,1065,,,,,,,2,2,1,,,,,,N,,N,1242,,,,N,2,,,,,,,,,,,,,,,,,,,N,,,,,,,N,,,N,,,,,,,1643,2007-11-26 09:09:45,1318,2001-01-10 10:50:11,1068,4985216,M6,204,6,1643,826,-1,Vision01,2,,2,,,1,4,13401,13513,,15339,31416,13402,15338,13512,13401,13780,31416,13779,31419,,31415,4,10,,,2,1,P,192854,S,1,1,1,6,A,,,,
,,,,,,,,,,,C,,,,31407,,,,,,,N,Y,,,,,,,,,,,,,,,,,,,,,,,,2,,31405,,31406,31402,2,,,,,,,,,,,,,,,,,,,,,,,,,,,2,2,,,,,,,,,2,2,1,,,,,,N,,Y,1240,,,,N,2,,,,,,,,,,,,,,,,,,,N,,,,,,,N,,,,,31687,,,,,1641,2006-09-26 05:08:24,1068,2001-01-10 09:20:24,1068,4140870,M4,204,1,1641,821,-1,Vision01,2,,,,,1,1,13401,13513,,15339,31404,13402,15338,13512,13516,13780,31404,13779,31407,,31403,1,,,,2,1,SN,10000,LN,2,1,2,30,0,,,,
,,,,,,,,,,,C,,,,291921,,,,,,,N,Y,,,,,,,,,,,,,,,,,,,,,,,,2,,31429,31420,31430,31426,2,,,,,,,,,,,,,,,,,,,,,,,,,,,2,2,,1064,,,,,,,2,2,1,,,,,,N,,N,1243,,,,N,2,,,,,,,,,,,,,,,,,,,N,,,,,,,N,,,,,,,,,,1644,2007-11-26 09:10:19,1318,2001-01-10 10:57:17,1068,4985216,M7,204,5,1644,827,-1,Vision01,2,,2,,,1,4,13401,13513,,15339,31428,13402,15338,13512,13401,13780,31428,13779,31431,,31427,4,10,,,2,1,N,192854,S,1,1,1,6,A,,,,
,,,,,,,,,,,,,,,40657,,,,,,,N,Y,,,,,,,,,,,,,,,,,,,,,,,,2,,40653,,40655,40644,2,,,,,,,,,,,,,,,,,,,,,,,,,,,2,2,,,,,,,,,2,2,1,,,,,,N,,N,1297,,,,N,2,,,,,,,,,,,,,,,,,,,,,,,,,,N,,,,,,,,,,1757,2001-03-13 13:09:07,1068,2001-03-13 13:09:07,1068,773615,CM0,1757,1,1757,,-1,Vision01,2,69,,,,1,1,40638,40640,,40642,40648,40658,40641,40639,40651,40649,40648,40650,40657,,40646,1,,,,2,1,,,,1,1,2,6,A,,,,
,,,,,,,,,,,,,,,40657,,,,,,,N,Y,,,,,,,,,,,,,,,,,,,,,,,,2,,40653,,40655,40644,2,,,,,,,,,,,,,,,,,,,,,,,,,,,2,1,,,42452,,,,,,2,2,1,,,,,,N,,N,1298,,,,N,2,,,,,,,,,,,,,,Y,,,,,N,,,,,,,N,,,,,,,,,,1733,2005-04-29 11:38:33,1001748,2001-03-13 13:35:59,1068,3196872,CM1,1757,1,1733,,-1,Vision01,2,,,,,1,1,40638,40640,,40638,40648,40658,40641,40639,40651,40649,40648,40650,40657,,40646,1,,,,,1,S,,L,1,1,2,30,A,,,,
,,,,,,,,,,,,,,,40656,,,,,,,N,Y,,,,,,,,,,,,,,,,,,,,,,,,2,,40652,,40654,40643,2,,,,,,,,,,,,,,,,,,,,,,,,,,,2,2,,,42452,,,,,,2,2,1,,,,,,N,,N,1299,,,,N,2,,,,,,,,,,,,,,Y,,,,,N,,,,,,,N,,,,,,,,,,1758,2005-04-29 11:37:43,1001748,2001-03-13 13:56:08,1068,3196872,CM2,1757,1,1758,,-1,Vision01,1,3,2,,,1,4,40638,40640,,40642,40647,40427,40641,40639,40651,40649,40647,40650,40656,,40645,4,10,,,2,1,S,,L,1,1,2,30,A,,,,
,,,,,,,,,,,,,,,41966,,,,,,,N,Y,,,,,,,,,,,,,,,,,,,,,,,,2,,40653,,41965,40644,2,,,,,,,,,,,,,,,,,,,,,,,,,,,2,1,,,41967,,,,,,2,2,1,,,,,,N,,N,1303,,,,N,2,,,,,,,,,,,,,,,,,,,,,,,,,,N,,,,,,,,,,1755,2001-03-27 17:54:41,1001748,2001-03-27 17:54:41,1001748,783975,SFO,1757,1,1755,,-1,Vision01,1,,2,,,1,4,40638,40640,,40638,40648,40658,40640,40639,40651,40649,40648,40650,41966,,40646,1,,,,2,1,,,,2,1,2,30,A,,,,
,,,,,,,,,,,,,,,41973,,,,,,,N,Y,,,,,,,,,,,,,,,,,,,,,,,,2,,41971,,41972,41968,2,,,,,,,,,,,,,,,,,,,,,,,,,,,2,1,,,41967,,,,,,2,2,1,,,,,,N,,N,1304,,,,N,2,,,,,,,,,,,,,,,,,,,,,,,,,,N,,,,,,,,,,1756,2001-03-27 18:13:06,1001748,2001-03-27 18:13:06,1001748,783975,CHI,1757,1,1756,,-1,Vision01,1,,2,,,2,4,40638,40640,,40638,41970,40658,40640,40639,40651,40649,41970,40650,41973,,41969,1,,,,2,1,,,,2,1,2,30,A,,,,
,,,,,,,,,,,,,,,31534,,,,,,,N,Y,,,,,,,,,,,,,,,,,,,,,,,,2,,31532,31535,31533,31529,2,,,,,,,,,,,,,,,,,,,,,,,,,,,1,1,2,1002,17366,,,,,,2,2,1,,,,,,N,,N,1244,,,,N,2,,,,,,,,,,,,,,,,,,,Y,1645,,,,,,Y,,,,,,,,,,1645,2005-01-19 08:25:14,1318,2001-01-19 12:14:00,1068,3050682,H1,204,2,1645,854,-1,Vision01,2,,2,,,1,4,13401,13513,,15339,31531,13402,15338,13512,13401,13780,31531,13779,31534,,31530,4,10,,,2,1,N,192854,S,1,1,1,6,A,,,,
15,,,,,,,,,,,,,,,12952,10001,,,,,,N,Y,,,,,,,1,3,,,,,,,,,,,,,,,,2,,14915,,12880,13186,2,,,,,,,,,,,,,,,,,,,,,,,,,,,2,2,,,,,,,,,2,1,1,,,,,,N,,N,1326,LPN,A,55,Y,2,30,,10007,10003,,,,151,1,3,,,,,1902,,,1541,N,,3742,3743,,,1,N,,58524,,,,Y,,,Y,1884,2008-08-28 16:44:06,1013352,2001-05-11 12:20:11,1068,4621287,W1,204,1,1884,1039,-1,Vision01,2,,2,,,1,4,13401,13513,,15339,14914,13402,15338,13512,13516,13780,14914,13779,12952,,15321,4,10,,,2,1,S,192854,,2,2,2,,A,,,,
,,,,,,,,,,,,,,,32124,,,,,,,N,Y,,,,,,,,,,,,,,,,,,,,,,,,1,,32120,32125,32123,32119,1,,,,,,,,,,,,,,,,,,,,,,,,,,,2,2,,1000,,,,,,,2,2,1,,,,,,N,,N,1245,,,,N,2,,,,,,,,,,,,,,,,,,,N,,,,,,,N,,,,,,,,,,1670,2002-10-31 06:33:22,1001406,2001-02-07 10:50:48,1001406,1855416,CG1,1448,2,1670,,-1,Progress01,2,,2,,,1,1,32114,32116,,32118,,32121,32117,32115,32114,,,,32124,32122,,1,,,,2,1,CG,001,CG,2,2,2,30,0,,,,
,,,,,,,,,,,,,,,131075,,,,,2,,N,Y,,N,N,,,N,1,,,Y,,,,,,,,,,,,,,2,,131072,,131074,131070,2,,,,,,,,,,,,,,,,,,,,,,,,,,,2,2,,,,,,,,,2,2,1,,,,,,N,,N,25474,,,,N,2,,,,,,,,,1,1,,,,N,,,,,N,,,,1,,,N,,,N,N,,N,,,,6646,2005-05-31 06:13:52,1010390,2005-05-31 06:13:52,1010390,3257396,BE1,1448,1,6646,,-1,Standard,2,,,,,1,4,131069,131070,,131070,131071,131073,131070,131070,,,,,131075,131011,,1,,,,,4,PSBE,15000,PSBE,2,1,1,10,0,,,,
,,,,,,,,,,,,,,,131075,,,,,2,,N,Y,,N,N,,,N,1,,,Y,,,,,,,,,,,,,,2,,131072,,131074,131070,2,,,,,,,,,,,,,,,,,,,,,,,,,,,2,2,,,,,,,,,2,2,1,,,,,,N,,N,25475,,,,N,2,,,,,,,,,1,1,,,,N,,,,,N,,,,1,,,N,,,N,N,,N,,,,6686,2005-05-31 06:20:31,1010390,2005-05-31 06:20:31,1010390,3257396,BE2,1448,1,6686,,-1,Standard,2,,,,,1,4,131069,131070,,131070,131071,131073,131070,131070,,,,,131075,131011,,1,,,,,4,PSBE,15000,PSBE,2,1,1,10,0,,,,
,,,,,,,,,,,,,,,134527,,,,,2,,N,Y,,N,N,,,N,1,,,Y,,,,,,,,,,,,,,2,,134524,134528,134526,134523,1,,,,,,,,,,,,,,,,,,,,,,,,,,,2,2,,1064,,,,,,,2,2,1,,,,,,N,,N,28474,,,,N,2,,,,,,,,,1,1,,,,,,,,,N,,,,1,,,N,,,N,N,,N,,,,6946,2005-10-03 11:40:39,1011059,2005-10-03 11:34:17,1011059,3477555,RO1,204,5,6946,39490,-1,Vision01,1,,,,,1,1,134522,134522,,134522,,134525,134522,134522,134522,,,,134527,,,1,,,,,1,,00001,,2,2,2,30,0,,,,
,,,,,,,,,,,,,,,134527,,,,,2,,N,Y,,N,N,,,N,1,,,Y,,,,,,,,,,,,,,2,,134524,134528,134526,134523,1,,,,,,,,,,,,,,,,,,,,,,,,,,,2,2,,1064,,,,,,,2,2,1,,,,,,N,,N,28475,,,,N,2,,,,,,,,,1,1,,,,,,,,,N,,,,1,,,N,,,N,N,,N,,,,7026,2005-10-03 11:40:23,1011059,2005-10-03 11:39:08,1011059,3477555,RO2,204,5,7026,39491,-1,Vision01,1,,,,,1,1,134529,134529,,134529,,134525,134529,134529,134529,,,,134527,,,1,,,,,1,,00001,,2,2,2,30,0,,,,
,,,,,,,,,,,,,,,105678,,,,,,,N,Y,,,,,,N,1,,,Y,,,,,,,,,,,,,,1,,105674,105679,105677,105671,2,,,,,,,,,,,,,,,,,,,,,,,,,,,1,1,2,1002,,,,,,,2,2,1,,,,,,N,,N,2098,,,,N,2,,,,,,,,,1,1,,,,N,,,,,Y,4225,,,1,,,Y,,,N,N,,N,,,,4225,2003-07-09 07:54:46,1000354,2003-07-07 08:51:07,1000354,2211431,PTD,1448,2,4225,,-1,Progress01,2,69,,,,1,1,105671,105672,,105671,105673,105675,105672,105671,105671,,,,105678,105676,,4,5,,,,2,,,,2,2,2,30,A,,,,
,,,,,,,,,,,,,,,87199,,,,,,,N,Y,,,,,,N,1,,,Y,,,,,,,,,,,,,,2,,87197,87200,87198,114889,2,,,,,,,,,,,,,,,,,,,,,,,,,,,1,1,2,1002,17366,,,,,,2,2,1,,,,,,N,,N,2222,,,,N,2,,,,,,,,,1,1,,,,N,,,,,Y,4812,,,1,,,N,,,N,N,,N,,,,4812,2003-10-23 13:49:10,1318,2003-10-23 07:56:31,1318,2371552,FAC,204,2,4812,,-1,Vision01,2,69,2,,,1,1,87193,13513,,87196,114890,12854,87195,87194,87193,,,,87199,,,1,,,,,1,,,,2,2,2,30,A,,,,
,,,,,,,,,,,,,,,136580,,,,,,,N,Y,8,,,,,N,1,,,Y,,,,,,,,,,,,,,2,,136578,136581,136579,136575,1,,,,,,,,,,,,,,,,,,,,,,,,,,,2,2,,,,,,,,,2,2,1,,,,,,N,,N,34477,LPN,C,1000,Y,2,,,14,13,,,,,1,1,,,,N,,,,,N,,,,1,,,N,,58522,N,N,,N,,,,5226,2007-01-29 13:37:51,1068,2004-03-16 14:32:20,1007953,4621287,W3,204,1,5226,58521,-1,Vision01,2,,,,,1,2,13401,13513,,13401,136577,12854,15338,13512,13516,13780,136577,13779,136580,,136576,1,,,,,1,,1,,2,2,2,30,0,,,,
,,,,,,,,,,,,,,,124248,,,,,2,,N,Y,,N,,,,N,1,,,Y,,,,,,,,,,,,,,2,,124246,,124247,124243,2,,,,,,,,,,,,,,,,,,,,,,,,,,,2,1,,,12951,,,,,,2,2,1,,,,,,N,,N,11471,,,,N,2,,,,,,,,,1,1,,,,Y,,,,,N,,,,1,,,Y,,,N,N,,N,,,,5702,2004-09-23 10:29:39,1005904,2004-08-20 20:28:19,1068,2859804,FST,204,1,5702,7337,-1,Vision01,2,,2,,,1,4,13401,13513,,15339,124245,13402,15338,13512,13516,13780,124245,13779,124248,,124244,4,10,606,,1,1,FST,000001,FST,1,1,1,8,A,,,,
,,,,,,,,,,,,,,,124254,,,,,2,,N,Y,,N,,,,N,1,,,Y,,,,,,,,,,,,,,2,,124252,,124253,124249,1,,,,,,,,,,,,,,,,,,,,,,,,,,,2,2,,,17366,,,,,,2,2,1,,,,,,N,,N,11472,,,,N,2,,,,,,,,,1,1,,,,Y,,,,,N,,,,1,,,Y,,,N,N,,N,,,,5703,2004-08-20 21:36:31,1068,2004-08-20 20:41:22,1068,2764164,DWH,204,1,5703,7340,-1,Vision01,2,,2,,,1,4,13401,13513,,15339,124251,13402,15338,13512,13516,13780,124251,13779,124254,,124250,4,10,,,,1,DFW,000001,DFW,1,1,2,8,A,,,,
,,,,,,,,,,,,,,,128803,,,,,2,,N,Y,,N,N,,,N,1,,,Y,,,,,,,,,,,,,,2,,128800,128804,128802,128794,2,,,,,,,,,,,,,,,,,,,,,,,,,,,1,1,2,1002,,,,,,,2,2,1,,,,,,N,,N,17474,,,,N,2,,,,,,,,,1,1,,,,,,,,,Y,6204,,,1,,,N,,,N,N,,N,,,,6204,2005-04-04 16:10:02,1007262,2005-03-30 03:25:44,1614,3140404,AMS,600,2,6204,,-1,Vision01,2,,,,,1,3,128789,128791,,128793,128799,128801,128792,128790,128789,128798,128796,128797,128803,,128795,4,10,,,,4,,,,2,2,2,30,0,,,,
,,,,,,,,,,,,,,,134870,,,,,2,,N,Y,,N,N,,,N,1,,,Y,,,,,,,,,,,,,,2,,134868,134871,134853,134863,2,,,,,,,,,,,,,,,,,,,,,,,,,,,2,2,,,,,,,,,2,2,1,,,,,,N,,N,29474,,,,N,2,,,,,,,,,1,1,,,,,,,,,N,,,,1,,,N,,,N,N,,N,,,,7046,2005-10-19 08:33:11,1011080,2005-10-18 08:34:54,1011080,3506004,zz9,204,1,7046,,-1,Vision01,1,,,,,2,1,134861,134863,,134864,134866,134869,134863,134862,134867,134778,134866,134777,134870,,134865,1,,,,,1,,,,2,2,2,30,0,,,,
,,,,,,,,,,,,,,,136778,,,,,2,,N,Y,,N,N,,,N,1,,,Y,,,,,,,,,,,,,,2,,136775,136779,136777,,1,,,,,,,,,,,,,,,,,,,,,,,,,,,2,2,,,,,,,,,2,2,1,,,,,,N,,N,34482,,,,N,2,,,,,,,,,1,1,,,,,,,,,N,,,,1,,,N,,,N,N,,N,,,,7207,2006-06-01 03:55:35,1011771,2006-05-24 15:43:33,2044,3979732,101,7226,1,7207,,-1,Vision01,1,,2,,,1,1,136769,136771,,136773,136774,136776,136772,136770,,,,,136778,,,1,,,,2,1,,22000,,2,2,2,30,0,,,,
,,,,,,,,,,,,,,,114133,,,,,,,N,Y,,,,,,N,1,,,Y,,,,,,,,,,,,,,2,,114129,,114132,114125,2,,,,,,,,,,,,,,,,,,,,,,,,,,,2,2,,,,,,,,,2,2,1,,,,,,N,,N,2342,,,,N,2,,,,,,,,,1,1,,,,N,,,,,N,,,,1,,,N,,,N,N,,N,,,,4555,2003-11-06 18:49:44,1007097,2003-10-13 22:59:00,1007097,2396981,VC,204,1,4555,,-1,CN_CAL,2,,,,,1,4,114131,114125,,114125,114129,114296,114127,114126,114131,113958,114129,114130,114133,,114128,1,,,,,1,,,,1,2,2,6,A,,,,
,,,,,,,,,,,,,,,114143,,,,,,,N,Y,,,,,,N,1,,,Y,,,,,,,,,,,,,,2,,114138,,114142,114135,2,,,,,,,,,,,,,,,,,,,,,,,,,,,2,2,,,,,,,,,2,2,1,,,,,,N,,N,2202,,,,N,2,,,,,,,,,1,1,,,,N,,,,,N,,,,1,,,N,,,N,N,,N,,,,4700,2003-11-06 18:51:12,1007097,2003-10-13 23:17:41,1007097,2396981,VCS,204,1,4700,,-1,CN_CAL,2,,,,,1,4,114134,114134,,114134,114138,116099,114136,114135,114141,114140,114138,114139,114143,,114137,1,,,,,1,,,,1,2,2,30,A,,,,
,,,,,,,,,,,,,,,129732,,,,,2,,N,Y,,N,,,,N,1,,,Y,,,,,,,,,,,,,,2,,129729,129736,129731,129727,2,,,,,,,,,,,,,,,,,,,,,,,,,,,2,1,,1002,,,,,,,2,2,1,,,,,,N,,N,32477,,,,N,2,,,,,,,,,1,1,,,,,,,,,N,,,,1,,,N,,,N,N,,N,,,,2872,2005-12-13 13:53:52,1008767,2004-07-21 07:13:21,1008607,3671723,HC5,2849,2,2872,,-1,Vision01,2,,,,,2,4,129722,129724,,129726,129728,129730,129725,129723,129722,129735,129728,129734,129732,,129733,1,,,,,1,,100000,,2,2,2,30,0,,,,
,,,,,,,,,,,,,,,129955,,,,,2,,N,Y,,N,,,,N,1,,,Y,,,,,,,,,,,,,,2,,129952,130007,129954,129947,1,,,,,,,,,,,,,,,,,,,,,,,,,,,2,1,,,,,,,,,2,2,1,,,,,,N,,N,32478,,,,N,2,,,,,,,,,1,1,,,,,,,,,N,,,,1,,,N,,,N,N,,N,,,,2873,2005-12-13 13:56:12,1008767,2004-07-21 07:26:15,1008607,3671723,HC6,2849,1,2873,,-1,Vision01,2,,,,,1,4,129942,129944,,129946,129949,129953,129945,129943,129942,129951,129949,129950,129955,,129948,1,,,,,1,,30000,,2,2,2,30,0,,,,
,,,,,,,,,,,,,,,129700,,,,,2,,N,Y,,N,,,,N,1,,,Y,,,,,,,,,,,,,,2,,129697,123163,129699,122948,1,,,,,,,,,,,,,,,,,,,,,,,,,,,2,1,,,,,,,,,2,2,1,,,,,,N,,N,8473,,,,Y,2,,,14,13,,,,,1,1,,,,,,,,,N,,,,1,,,N,,,N,N,,N,,,,5246,2005-12-13 13:59:15,1008767,2004-07-21 07:33:47,1008607,3671723,HC7,2849,1,5246,,-1,Vision01,2,,,,,1,4,122943,122945,,122947,129694,129698,122946,122944,129957,129696,129694,129695,129700,,130008,1,,,,,1,,34000,,2,2,2,30,0,,,,
,,,,,,,,,,,,,,,127022,,,,,2,,N,Y,,N,,,,N,1,,,Y,,,,,,,,,,,,,,2,,127019,127023,127021,127013,2,,,,,,,,,,,,,,,,,,,,,,,,,,,1,1,2,1002,,,,,,,2,2,1,,,,,,N,,N,16473,,,,N,2,,,,,,,,,1,1,,,,,,,,,Y,5844,,,1,,,N,,,N,N,,N,,,,5844,2005-04-11 10:03:52,1007262,2004-11-09 08:44:40,1007262,3149490,AM3,600,2,5844,,-1,Vision01,2,,,,,1,3,127008,127010,,127012,127018,127020,127011,127009,127008,127017,127015,127016,127022,,127014,4,10,,,,4,A,1,,2,2,2,30,0,,,,
,N,,,,,,,,,,C,,,,291922,,,,,,,N,Y,,,,,,,,,,,,,,,,,,,,,,,,2,,13517,,12879,13185,2,,,,,,,,,,,,,,,,,,,,,,,,,,,2,1,,,17366,,,,,,,2,1,,,,,,N,,N,1160,,,,N,,,,,,,,,,,,,,,Y,,,,,N,,,,,,,N,,,,,,,,,,204,2015-06-26 06:15:15,1318,1997-02-13 09:18:50,1006,5738906,V1,204,1,204,1,-1,Vision01,2,,2,,,1,1,13401,13513,,15339,13515,12854,15338,13512,13516,13780,13515,13779,12951,,13514,1,,,,2,4,A,1,,1,1,2,6,A,,,,
,,,,,,,,,,,,,,,12954,,,,,,,N,Y,,,,,,,,,,,,,,,,,,,,,,,,2,,15320,,12882,13188,2,,,,,,,,,,,,,,,,,,,,,,,,,,,2,2,,,,,,,,,,2,1,,,,,,N,,N,1162,,,,N,,,,,,,,,,,,,,,,,,,,,,,,,,,N,,,,,,,,,,208,2000-08-16 11:54:59,1000049,1997-02-17 15:59:44,1008,510631,S1,204,1,208,101,-1,Vision01,2,,2,,,1,4,13401,13513,,15339,15319,13402,15338,13512,13516,13780,15319,13779,12954,,15318,2,,,,2,1,C,192854,S,1,1,1,6,A,,,,
,N,,,,,,,,,,C,,,,291918,,,,,,,N,Y,,,,,,,,,Y,,sunadse1,19604,,,,,,,,,,,,2,,14915,,12880,13186,2,,,,,,,,,,,,,,,,,,,,,,,,,,,2,1,,,17366,,,,,,,2,1,,,,,,N,,N,1163,,,,N,,,,,,,,,,,,,,,Y,,,,,N,3159,,,,,,Y,,136,,,,,,,,207,2016-07-12 07:49:14,1013596,1997-02-19 10:36:26,1008,5899727,M1,204,1,207,41,-1,Vision01,2,69,2,,,1,4,13401,13513,,15339,14914,13402,15338,13512,13516,13780,14914,13779,12952,,15321,4,10,,,2,1,RTV,192854,S,1,1,1,6,A,,,$FP_DIR,
,,,1,,,,,,,,C,,,,291917,,,,,,,N,Y,,,,,,,,,,,,,,,,,,,,,,,,2,,15317,,12881,13187,2,,,,,,,,,,,,,,,,,,,,,,,,,,,2,2,,,,,,,,,,2,1,,,,,,N,,N,1166,,,,N,,,,,,,,,,,,,,,,,,,,N,,,,,,,N,,,,,,,51,,,209,2008-08-29 05:42:24,1068,1997-02-19 11:01:03,1008,5459942,M2,204,1,209,98,-1,Vision01,2,,2,,,1,4,13401,13513,,15339,15316,13402,15338,13512,13516,13780,15316,13779,12953,,15322,4,10,,,2,1,,,B,1,1,1,6,A,,,,
,,,,,,,,,,,,,,,15357,,,,,,,N,Y,,,,,,,,,,,,,,,,,,,,,,,,2,,15355,,15356,15028,2,,,,,,,,,,,,,,,,,,,,,,,,,,,1,1,2,,,,,,,,,2,1,,,,,,N,,N,1167,,,,N,,,,,,,,,,,,,,,,,,,,N,,,,,,,N,,,,,,,,,,458,2005-06-01 06:42:03,1319,1997-04-01 13:14:17,1006,3260717,VS,458,1,458,1,-1,Vision01,2,,,,,1,4,15346,15348,,15346,15351,15311,15349,15347,15354,15353,15351,15352,15357,,15350,1,,,,2,1,,,12,1,1,2,30,A,,,,
,,,,,,,,,,,,,,,15725,,,,,,,N,Y,,,,,,,,,,,,,,,,,,,,,,,,2,,15725,,15725,15725,2,,,,,,,,,,,,,,,,,,,,,,,,,,,2,2,,,,,,,,,,2,,,,,,,N,,N,1168,,,,N,,,,,,,,,,,,,,,,,,,,,,,,,,,N,,,,,,,,,,498,1997-05-07 10:40:57,1006,1997-04-07 16:53:12,1006,14497,VA,204,1,498,1,-1,Vision01,2,,,,,1,1,16024,16024,,16024,15725,15903,16024,16024,16024,16026,15725,16025,15725,,16024,1,,,,2,1,,1,,1,2,2,6,0,,,,
,,,,,,,,,,,,,,,16293,,,,,,,N,Y,,,,,,,,,,,,,,,,,,,,,,,,,,16291,,16292,16105,2,,,,,,,,,,,,,,,,,,,,,,,,,,,2,2,,,,,,,,,,2,1,,,,,,N,,N,1169,,,,N,,,,,,,,,,,,,,,,,,,,,,,,,,,N,,,,,,,,,,229,2001-05-17 11:05:40,1068,1997-04-10 14:12:31,1006,919999,D1,204,1,229,100,-1,Vision01,2,,2,,,1,4,16101,16103,,16289,16290,16294,16104,16102,16110,16109,16290,16108,16293,,16106,4,7,,,2,1,D,192854,S,1,1,1,6,A,,,,
,,,,,,,,,,,,,,,12956,,,,,,,N,Y,,,,,,,,,,,,,,,,,,,,,,,,2,,16319,,12884,13190,2,,,,,,,,,,,,,,,,,,,,,,,,,,,2,2,,,,,,,,,,2,1,,,,,,N,,N,1170,,,,N,,,,,,,,,,,,,,,,,,,,N,,,,,,,N,,50492,,,,,,,,210,2006-05-09 14:09:08,1068,1997-04-17 16:15:56,1068,3955585,D2,204,1,210,99,-1,Vision01,2,,2,,,1,4,13401,13513,,15339,16318,13402,15338,13512,13516,13780,16318,13779,12956,,16317,4,7,,,2,1,M,192854,S,1,1,1,6,A,,,,
,,,,,,,,,,,,,,,19518,,,,,,,N,Y,,,,,,,,,,,,,,,,,,,,,,,,2,,19515,19519,19517,18037,2,,,,,,,,,,,,,,,,,,,,,,,,,,,1,1,2,1002,,,,,,,,2,,,,,,,N,,N,1,,,,N,,,,,,,,,,,,,,,,,,,,,,,,,,,N,,,,,,,,,,600,1998-01-19 10:29:12,1068,1997-12-15 18:16:15,1318,211017,PM,600,2,600,,-1,Vision01,2,,,,,1,4,18033,17815,,18036,19514,19516,18035,18034,18033,19512,19510,19511,19518,,19509,4,10,,,,1,1,1,,1,1,2,30,A,,,,
,,,,,,,,,,,C,,,,291919,,,,,,,N,Y,,,,,,,,,,,la4001,11176,,,,,,,,,,,,2,,18190,18193,18194,18187,2,,,,,,,,,,,,,,,,,,,,,,,,,,,2,2,,1002,,,,,,,,2,1,,,,,,N,,N,1327,,,,N,,,,,,,,,,,,,,,,,,,,N,,,,,,,N,,,,,,,,,,606,2007-11-26 09:09:13,1318,1997-12-22 10:19:33,1546,4985216,M3,204,2,606,199,-1,Vision01,2,,2,,,1,4,13401,13513,,15339,18189,13402,15338,13512,13401,12833,18189,12854,18192,,18188,4,10,,,2,1,S,192854,L,1,1,1,30,A,,$I2_TOP/data/fp/M3,$FP_DIR,applmgr
,,,,,,,,,,,C,,,,19318,,,,,,,N,Y,,,,,,,,,,,1,1,,,,,,,,,,,,2,,19315,19319,19317,19310,2,,,,,,,,,,,,,,,,,,,,,,,,,,,1,1,2,1002,,,,,,,,2,1,,,,,,N,,N,1,,,,N,,,,,,,,,,,,,,,Y,,,,,N,,,,,,,Y,,294,,,,,,,,603,2007-08-15 13:48:54,1614,1998-01-03 12:26:14,1613,4861294,P2,600,2,603,264,-1,Vision01,2,3,2,,,1,3,19305,19307,,19309,19312,19316,19308,19306,19305,19314,19312,19313,19318,,19311,4,10,,,2,1,L,195671,L,1,1,1,6,A,,,1,
,,,,,,,,,,,C,,,,19518,,,,,,,N,Y,,,,,,,,,,,,,,,,,,,,,,,,2,,19515,,19517,19524,2,,,,,,,,,,,,,,,,,,,,,,,,,,,1,2,1,,,,,,,,,2,1,,,,,,N,,N,1171,,,,N,,,,,,,,,,,,,,,,,,,,N,,,,,,,Y,,302,,,,,,,,602,2007-08-15 13:48:20,1614,1998-01-19 10:56:26,1068,4861294,P1,600,1,602,263,-1,Vision01,2,2,2,,,1,3,19513,19521,,19523,19514,19516,19522,19520,,,,,19518,,,1,,,,2,1,A,189945,A,1,1,2,6,A,,,,
,,,,,,,,,,,C,,,,19535,,,,,,,N,Y,,,,,,,,,,,1,,,,,,,,,,,,,2,,19532,19536,19534,19530,2,,,,,,,,,,,,,,,,,,,,,,,,,,,1,1,1,1002,,,,,,,,2,,,,,,,N,,N,1,,,,N,,,,,,,,,,,,,,,,,,,,N,,,,,,,N,,318,,,,,,,,604,2007-08-15 13:49:43,1614,1998-01-19 12:20:43,1068,4861294,P4,600,2,604,266,-1,Vision01,2,,,,,1,3,19525,19527,,19529,19531,19533,19528,19526,19525,,,,19535,,,1,,,,,1,C,194569,C,1,1,2,6,A,,,1,
,,,,,,,,,,,C,,,,19547,,,,,,,N,Y,,,,,,,,,,,1,,,,,,,,,,,,,2,,19544,19548,19546,19542,2,,,,,,,,,,,,,,,,,,,,,,,,,,,1,1,2,1002,,,,,,,,2,,,,,,,N,,N,1,,,,N,,,,,,,,,,,,,,,,,,,,N,,,,,,,N,,310,,,,,,,,605,2007-08-15 13:49:20,1614,1998-01-19 12:28:09,1068,4861294,P3,600,2,605,265,-1,Vision01,2,,,,,1,3,19537,19539,,19541,19543,19545,19540,19538,19537,,,,19547,,,1,,,,,1,D,156489,D,1,1,2,6,A,,,1,
,,,,,,,,,,,,,,,21876,,,,,,,N,Y,,,,,,,,,,,,,,,,,,,,,,,EEC,2,,22005,,26931,21069,2,,,,,,,,,,,,,,,,,,,,,,,,,,,2,2,,,,,,,,,,2,1,,,,,,N,,N,1172,,,,N,,,,,,,,,,,,,,,,,,,,,,,,,,,N,,,,,,,,,,887,2002-04-12 07:12:15,2048,1999-07-23 10:10:03,2048,1457377,E2,204,1,887,780,-1,Vision01,2,,2,,,1,4,22005,22007,,22009,22005,21877,22008,22006,22014,22013,22005,22012,21876,21877,22005,4,10,,,2,1,S,190000,S,1,1,2,6,A,,,,
,,,,,,,,,,,,,,,85947,,,,,,,N,Y,,,,,,,,,,,,,,,,,,,,,,,,2,,27270,,83442,25449,2,,,,,,,,,,,,,,,,,,,,,,,,,,,2,2,,,,,,,,,,2,1,,,,,,N,,N,1278,,,,N,,,,,,,,,,,,,,,,,,,,,,,,,,,N,,,,,,,,,,888,2002-07-09 02:13:26,2044,1999-07-23 10:39:44,2044,1664646,E5,204,1,888,801,-1,Vision01,2,,2,,,1,4,40618,40619,,40620,40622,22297,40619,21074,28881,22001,27270,21896,85947,85946,40621,4,10,,,2,1,F,19000,F,1,1,1,6,0,,,,
,,,,,,,,,,,,,,,22091,,,,,,,N,Y,,,,,,,,,,,,,,,,,,,,,,,,2,,22088,,22090,22082,2,,,,,,,,,,,,,,,,,,,,,,,,,,,2,2,,,,,,,,,,2,1,,,,,,N,,N,1175,,,,N,,,,,,,,,,,,,,,,,,,,,,,,,,,N,,,,,,,,,,889,2002-05-01 05:50:30,2047,1999-07-23 10:47:47,2047,1492392,E4,204,1,889,781,-1,Vision01,2,3,2,,,1,4,22077,22079,,22081,22084,22089,22080,22078,22087,22086,22084,22085,22091,,22083,4,10,,,2,1,N,100000,N,1,1,1,6,0,,,,
,,,,,,,,,,,C,,,,21431,,,,,,,N,Y,,,,,,,,,,,,,,,,,,,,,,,,2,,84703,,21678,22279,2,,,,,,,,,,,,,,,,,,,,,,,,,,,2,2,,,,,,,,,,2,1,,,,,,N,,N,1176,,,,N,,,,,,,,,,,,,,,,,,,,N,,,,,,,N,,,,,,,,,,911,2007-11-26 09:11:23,1318,1999-07-23 11:11:29,2045,4985216,E1,204,1,911,760,-1,Vision01,2,,2,,,1,4,21431,22276,,22278,84702,21641,22277,21431,21071,21073,22979,22642,27227,21641,22979,4,10,,,2,1,S,19284,S,1,1,1,6,0,,,,
,,,,,,,,,,,,,,,116057,,,,,,,N,Y,,,,,,,,,,,,,,,,,,,,,,,,2,,116057,,116057,116057,1,,,,,,,,,,,,,,,,,,,,,,,,,,,2,2,,,,,,,,,,2,1,,,,,,N,,N,2322,,,,N,,,,,,,,,,,,,,,,,,,,N,,,,,,,N,,,,,,,,,,912,2003-11-05 06:48:09,2051,1999-07-23 13:35:48,2051,2394299,KR,204,1,912,,-1,Vision01,2,,,,,1,1,116057,116057,,116057,116057,116057,116057,116057,,,,,116057,116057,,1,,,,,1,,,,2,2,2,30,0,,,,
,N,,,,80,N,N,N,,,Y,,,,87199,,N,N,,2,,N,Y,,N,N,,,N,,,,Y,,,,,,,,,,,,,,2,,13401,335053,87199,13186,3,,,,,,,,,,,,,,,,,,,,,,,,,,,2,2,,1064,,,,,,,2,2,1,,,,,,N,,N,40505,,,,N,2,,,,,,,,,1,1,,,,,,,,,N,,,,1,,,N,,,N,N,,N,,,N,7872,2019-11-21 03:23:00,0,2019-11-21 03:17:47,0,5937104,SHY,204,5,7872,,-1,Vision01,1,,,,,1,4,13401,13513,,15339,,13850,15338,13512,13401,,,,87199,,,1,,,,,1,,,,2,2,2,30,0,,,,
,,,,,,,,,,,,,,,87199,,,,,,,N,Y,,,,,,,1,,,,,,,,,,,,,,,,,2,,87197,87200,87198,114889,2,,,,,,,,,,,,,,,,,,,,,,,,,,,1,1,2,1002,17366,,,,,,2,2,1,,,,,,N,,N,11473,,,,Y,,,,14,13,,,,,,,,,,N,,,,,N,,,,,,,N,,,N,N,,,,,,5764,2004-10-01 11:52:01,1068,2004-09-15 10:55:44,1318,2884706,PO1,204,2,5764,,-1,Vision01,2,69,2,,,1,3,87193,13513,,87196,114890,12854,87195,87194,87193,,,,87199,,,1,,,,,1,,,,2,2,2,30,A,,,,
,,,,,,,,,,,,,,,128957,,,,,2,,N,Y,8,N,N,,,N,1,,,Y,,,,,,,,,,,,,,2,,128955,,128956,128953,1,,,,,,,,,,,,,,,,,,,,,,,,,,,2,2,,,,,,,,,2,1,1,,,,,,N,,N,19474,LPN,C,2,Y,2,,,14,13,,,,,1,1,,,,N,,,,,N,,,,1,,,N,,,N,N,,N,,,,6262,2005-06-09 11:05:01,2330,2005-04-06 16:27:38,2936,3293580,PD2,1080,1,6262,,-1,Process,2,,,,,1,2,88504,88506,,88507,128954,88503,88517,88505,88511,88428,128954,88403,128957,,88509,1,,,,,1,S,543211,,2,2,2,30,0,,,,
,,,,,,,,,,,,,,,129221,,,,,2,,N,Y,,N,N,,,N,1,,,Y,,,,,,,,,,,,,,1,,129219,129222,40371,129218,1,,,,,,,,,,,,,,,,,,,,,,,,,,,2,2,,1000,,,,,,,2,2,1,,,,,,N,,N,20474,,,,N,2,,,,,,,,,1,1,,,,,,,,,N,,,,1,,,N,,,N,N,,N,,,,1668,2005-04-11 02:21:50,1001406,2005-04-11 02:21:50,1001406,3148940,PUK,1448,2,1668,,-1,Standard,2,,,,,1,1,129213,129215,,129217,,32186,129216,129214,129213,,,,129221,129220,,1,,,,,1,PS,001,PS,2,2,2,30,0,,,,
,,,,,,,,,,,,,,,136797,,,,,2,,N,Y,,N,N,,,N,1,,,Y,,,,,,,,,,,,,,2,,136794,,136796,,1,,,,,,,,,,,,,,,,,,,,,,,,,,,2,2,,,136798,,,,,,2,2,1,,,,,,N,,N,34483,,,,N,2,,,,,,,,,1,1,,,,,,,,,N,,,,1,,,N,,,N,N,,N,,,,7206,2006-06-01 03:58:07,1011771,2006-05-24 15:51:15,2190,3979732,102,7226,1,7206,,-1,Vision01,1,,2,,,1,1,136788,136790,,136792,136793,136795,136791,136789,,,,,136797,,,1,,,,2,1,,1,,2,2,2,30,0,,,,
,,,,,80,,,,,,,,,Y,108406,,N,N,,2,,N,Y,,N,N,,,N,,,,Y,,,,,,,,,,,,,,2,,108406,,108343,108444,2,,,,,,,,,,,,,,,,,,,,,,,,,,,2,2,,,,,,,,,2,2,1,,,,,,N,,N,38484,,,,N,2,,,,,,,,,1,1,,,,,,,,,N,,,,1,,,N,,,N,N,,N,,,N,7267,2006-09-21 13:35:45,2049,2006-09-21 06:05:08,2049,4131595,TP1,204,1,7267,,-1,Japan-CAL,3,,,,,1,1,108391,108391,,108391,108406,108407,108391,108391,108391,108336,108406,108407,108406,,108406,1,,,,,1,,,,2,2,2,30,0,,,,
,,,,,,,,,,,,,,,107477,,,,,,,N,Y,,,,,,N,1,,,Y,,,,,,,,,,,,,,2,,107475,107477,107432,107475,1,,,,,,,,,,,,,,,,,,,,,,,,,,,2,2,,1002,,,,,,,2,2,1,,,,,,N,,N,2118,,,,N,2,,,,,,,,,1,1,,,,N,,,,,N,,,,1,,,N,,,N,N,,N,,,,4044,2003-08-12 09:27:17,1005878,2003-08-04 13:48:08,1005878,2284600,CO1,204,2,4044,,-1,Colombia,2,,,,,2,1,107475,107475,,107475,107475,107476,107475,107475,107475,,,,107477,,,1,,,,,1,C000,0000001,,2,3,2,30,0,,,,
,,,,,,,,,,,,,,,115800,,,,,,,N,Y,,,,,,N,1,,,Y,,,,,,,,,,,,,,2,,115797,115801,115799,115796,1,,,,,,,,,,,,,,,,,,,,,,,,,,,2,2,,1002,,,,,,1,2,2,1,,,,,,N,,N,2282,,,,N,2,,,,,,,,,1,1,,,,N,,,,,N,,,,1,,,N,,,N,N,,N,,,,4843,2003-10-30 09:51:49,1007520,2003-10-30 09:43:24,1007520,2383151,C2,1448,2,4843,,-1,PROGRESSCA,2,2,,,,1,4,115791,115793,,115795,,115798,115794,115792,115791,115804,115802,115803,115800,,,4,10,,,,1,C1000,0000001,,2,2,2,,0,,,,
,,,,,,,,,,,,,,,122522,,,,,,,N,Y,,,,,,N,1,,,Y,,,,,,,,,,,,,,2,,122519,,122521,,2,,,,,,,,,,,,,,,,,,,,,,,,,,,2,2,,,,,,,,,2,2,1,,,,,,N,,N,2467,,,,N,2,,,,,,,,,1,1,,,,N,,,,,N,,,,1,,,N,,,N,N,,N,,,,5379,2004-06-22 14:33:41,1008481,2004-06-22 14:33:41,1008481,2674667,RU1,204,1,5379,,-1,Vision01,2,,,,,1,1,122518,,,,122519,122520,,,,,,,122522,,,1,,,,,1,,,,1,2,2,30,A,,,,
15,,,,,,,,,,,,,,,126822,,,,,2,,N,Y,6,N,,,,N,1,3,,N,,,,,,,,,,,,,,2,,126819,126823,126821,126813,2,,,,,,,,,,,,,,,,,,,,,,,,,,,1,1,2,1002,,,,,,,2,2,1,,,,,,N,,N,13473,LPN,P,1,Y,2,,,14,10190,,,,,1,3,,,,,,,,,N,5825,,,1,,1,Y,,,N,N,,Y,,,,5784,2005-10-20 09:02:52,1007262,2004-10-28 07:07:41,1007262,3507657,AD1,600,2,5784,40490,-1,Vision01,2,,,,,1,3,126808,126810,,126812,126818,126820,126811,126809,126808,126817,126815,126816,126822,,126814,4,10,,,,4,A,1,,2,2,2,30,0,,,,
,,,,,,,,,,,,,,,134870,,,,,2,,N,Y,,N,N,,,N,1,,,Y,,,,,,,,,,,,,,2,,134868,134871,134853,134863,2,,,,,,,,,,,,,,,,,,,,,,,,,,,2,2,,,,,,,,,2,2,1,,,,,,N,,N,30474,,,,N,2,,,,,,,,,1,1,,,,,,,,,N,,,,1,,,N,,,N,N,,N,,,,7066,2005-10-20 10:27:56,1011080,2005-10-18 10:15:41,1011080,3507698,IN2,204,1,7066,40495,-1,Vision01,1,,,,,2,1,134861,134863,,134864,134866,134869,134863,134862,134867,134778,134866,134777,134870,,134865,1,,,,,1,,,,2,2,2,30,0,,,,
,,,,,,,,,,,,,,,134870,,,,,2,,N,Y,,N,N,,,N,1,,,Y,,,,,,,,,,,,,,2,,134868,134871,134853,134863,2,,,,,,,,,,,,,,,,,,,,,,,,,,,2,2,,1002,,,,,,,2,2,1,,,,,,N,,N,30475,,,,N,2,,,,,,,,,1,1,,,,,,,,,N,,,,1,,,N,,,N,N,,N,,,,7067,2005-10-20 10:29:05,1011080,2005-10-18 10:25:28,1011080,3507698,IN3,204,2,7067,40496,-1,Vision01,1,,,,,2,1,134861,134863,,134864,134866,134869,134863,134862,134861,134778,134866,134777,134870,,134865,1,,,,,1,,,,2,2,2,30,0,,,,
,,,,,,,,,,,,,,,134893,,,,,2,,N,Y,,N,N,,,N,1,,,Y,,,,,,,,,,,,,,2,,134890,134894,134892,134883,2,,,,,,,,,,,,,,,,,,,,,,,,,,,2,2,,1002,,,,,,,2,2,1,,,,,,N,,N,30476,,,,N,2,,,,,,,,,1,1,,,,,,,,,N,,,,1,,,N,,,N,N,,N,,,,7047,2005-10-19 08:44:07,1011080,2005-10-18 10:32:28,1011080,3506004,zz8,204,2,7047,,-1,Vision01,1,,,,,2,1,134881,134883,,134884,134886,134891,134883,134882,134881,134888,134886,134887,134893,,134885,1,,,,,1,,,,2,2,2,30,0,,,,
,,,,,,,,,,,,,,,134870,,,,,2,,N,Y,,N,N,,,N,1,,,Y,,,,,,,,,,,,,,2,,134868,134871,134853,134863,2,,,,,,,,,,,,,,,,,,,,,,,,,,,2,2,,,,,,,,,2,2,1,,,,,,N,,N,31474,,,,N,2,,,,,,,,,1,1,,,,,,,,,N,,,,1,,,N,,,N,N,,N,,,,7087,2005-11-16 12:35:37,1011080,2005-10-19 08:39:06,1011080,3573516,IN1,204,1,7087,40494,-1,Vision01,1,,2,,,2,1,134861,134863,,134864,134866,134869,134863,134862,134867,134778,134866,134777,134870,,134865,1,,,,,1,,,,2,2,2,30,0,,,,
,,,,,,,,,,,,,,,134893,,,,,2,,N,Y,,N,N,,,N,1,,,Y,,,,,,,,,,,,,,2,,134890,134894,134892,134883,2,,,,,,,,,,,,,,,,,,,,,,,,,,,2,2,,1002,,,,,,,2,2,1,,,,,,N,,N,31475,,,,N,2,,,,,,,,,1,1,,,,,,,,,N,,,,1,,,N,,,N,N,,N,,,,7088,2005-10-20 10:30:06,1011080,2005-10-19 08:52:30,1011080,3507698,IN4,204,2,7088,40497,-1,Vision01,1,,,,,2,1,134881,134883,,134884,134886,134891,134883,134882,134881,134888,134886,134889,134893,,134885,1,,,,,1,,,,2,2,2,30,0,,,,
,,,,,,,,,,,,,,,116027,,,,,,,N,Y,,,,,,N,1,,,Y,,,,,,,,,,,,,,2,,116024,,116026,116022,1,,,,,,,,,,,,,,,,,,,,,,,,,,,2,2,,,,,,,,,2,2,1,,,,,,N,,N,2302,,,,N,2,,,,,,,,,1,1,,,,N,,,,,N,,,,1,,,N,,,N,N,,N,,,,4719,2003-11-04 08:08:31,2051,2003-11-04 07:58:31,2051,2391019,KR2,204,1,4719,,-1,Vision01,1,,,,,1,4,116017,116019,,116021,116023,116025,116020,116018,,,,,116027,,,1,,,,,1,,,,2,2,2,30,0,,,,
,,,,,,,,,,,,,,,116039,,,,,,,N,Y,,,,,,N,1,,,Y,,,,,,,,,,,,,,2,,116036,,116038,116034,1,,,,,,,,,,,,,,,,,,,,,,,,,,,2,2,,,,,,,,,2,2,1,,,,,,N,,N,2303,,,,N,2,,,,,,,,,1,1,,,,N,,,,,N,,,,1,,,N,,,N,N,,N,,,,4722,2003-11-04 08:19:49,2051,2003-11-04 08:01:22,2051,2391019,KR3,204,1,4722,,-1,Vision01,1,,,,,1,4,116029,116031,,116033,116035,116037,116032,116030,,,,,116039,,,1,,,,,1,,,,2,2,2,30,0,,,,
,,,,,,,,,,,,,,,122200,,,,,,,N,Y,8,,,,,N,1,,,Y,,,,,,,,,,,,,,2,,122198,,122199,122196,1,,,,,,,,,,,,,,,,,,,,,,,,,,,2,2,,,,,,,,,2,1,1,,,,,,N,,N,2465,LPN,C,1004,Y,2,,,14,13,,,,,1,1,,,,N,,,,,N,3158,,,1,,,N,,,N,N,,N,,,,5357,2005-06-30 12:57:50,1008482,2004-05-26 12:03:28,2330,3293580,PD4,1080,1,5357,,-1,Process,2,2,2,,,1,2,88504,88506,,88507,122197,88503,88517,88505,88511,88428,122197,88403,122200,,88509,1,,,,,1,S,100000,L,2,2,2,30,0,,,,
,,,,,,,,,,,,,,,122376,,,,,,,N,Y,,,,,,N,1,,,Y,,,,,,,,,,,,,,2,,122373,122377,122375,122368,1,,,,,,,,,,,,,,,,,,,,,,,,,,,1,1,2,,,,,,,,2,2,1,,,,,,N,,N,2466,,,,N,2,,,,,,,,,1,1,,,1,N,,,,,N,,,,1,,,N,,,N,N,,N,,,,5358,2004-06-03 12:02:12,1614,2004-06-02 15:00:51,1614,2652063,PFS,600,1,5358,,-1,Vision01,2,3,2,,,1,4,122363,122365,,122367,122370,122374,122366,122364,122363,122372,122370,122371,122376,,122369,1,,,,2,1,,,,1,2,2,30,0,,,,
,,,,,80,N,N,N,,,Y,,,,87199,,N,N,,2,,N,Y,,N,N,,,,,,,,,,,,,,,,,,,,,2,,13401,335053,87199,13186,3,,,,,,,,,,,,,,,,,,,,,,,,,,,2,2,,1064,,,,,,,2,2,1,,,,,,N,,N,41505,,,,N,,,,,,,,,,,,,,,,,,,,N,,,,,,,N,,,N,N,,,,,N,7891,2019-11-22 00:52:47,0,2019-11-22 00:52:47,0,5937607,SGN,204,5,7891,,-1,Vision01,1,,,,,1,4,13401,13513,,15339,,13850,15338,13512,13401,,,,87199,,,1,,,,,1,,,,2,2,2,30,0,,,,
,N,,,,80,N,N,N,,,Y,,,,340119,,N,N,,2,,N,Y,,N,N,,,N,,,,Y,,,,,,,,,,,,,,2,,340117,,340118,,1,,,,,,,,,,,,,,,,,,,,,,,,,,,2,2,,,,,,,,,2,2,1,,,,,,N,,N,43505,,,,N,2,,,,,,,,,1,1,,,,,,,,,N,,,,1,,,N,,,N,N,,N,,,N,7975,2021-06-18 12:26:14,1013679,2021-06-18 11:10:15,1013679,6193066,GGI,7975,1,7975,,-1,Vision01,1,,,,,1,1,340116,,,,340117,340117,,,,,,,340119,,,1,,,,,1,,000001,,2,2,2,30,0,,,,
,N,,,,80,N,N,N,,,Y,,,,340123,,N,N,,2,,N,Y,,N,N,,,N,,,,Y,,,,,,,,,,,,,,2,,340121,,340122,,1,,,,,,,,,,,,,,,,,,,,,,,,,,,2,2,,,,,,,,,2,2,1,,,,,,N,,N,43506,,,,N,2,,,,,,,,,1,1,,,,,,,,,N,,,,1,,,N,,,N,N,,N,,,N,7993,2021-06-18 12:24:25,1013679,2021-06-18 11:56:56,1013679,6193066,GII,7993,1,7993,,-1,Vision01,1,,,,,1,1,340120,,,,340121,340121,,,,,,,340123,,,1,,,,,1,,000002,,2,2,2,30,0,,,,
,N,,,,80,N,N,N,,,Y,,,,340128,,N,N,,2,,N,Y,,N,N,,,N,,,,Y,,,,,,,,,,,,,,2,,340125,,340126,,1,,,,,,,,,,,,,,,,,,,,,,,,,,,2,2,,,,,,,,,2,2,1,,,,,,N,,N,43507,,,,N,2,,,,,,,,,1,1,,,,,,,,,N,,,,1,,,N,,,N,N,,N,,,N,7994,2021-06-18 12:16:25,1013679,2021-06-18 12:16:25,1013679,6193066,GUI,7994,1,7994,,-1,Vision01,1,,,,,1,1,340124,,,,340125,340125,,,,,,,340127,,,1,,,,,1,,000003,,2,2,2,30,0,,,,
,N,,,,80,N,N,N,,,Y,,,,340127,,N,N,,2,,N,Y,,N,N,,,N,,,,Y,,,,,,,,,,,,,,2,,340125,,340126,,1,,,,,,,,,,,,,,,,,,,,,,,,,,,2,2,,,,,,,,,2,2,1,,,,,,N,,N,43508,,,,N,2,,,,,,,,,1,1,,,,,,,,,N,,,,1,,,N,,,N,N,,N,,,N,7995,2021-06-18 12:39:41,1013679,2021-06-18 12:39:41,1013679,6193066,GNI,7995,1,7995,,-1,Vision01,1,,,,,1,1,340124,,,,340125,340125,,,,,,,340127,,,1,,,,,1,,0000012,,2,2,2,30,0,,,,
,N,,,,80,N,N,N,,,Y,,,,340130,,N,N,,2,,N,Y,,N,N,,,N,,,,Y,,,,,,,,,,,,,,2,,340130,340130,340130,,1,,,,,,,,,,,,,,,,,,,,,,,,,,,2,2,,,340130,,,,,,2,2,1,,,,,,N,,N,43509,,,,N,2,,,,,,,,,1,1,,,,,,,,,N,,,,1,,,N,,,N,N,,N,,,N,8000,2021-06-19 03:29:00,1013681,2021-06-19 03:29:00,1013681,6193487,PGI,8000,1,8000,,-1,Vision01,1,,,,,1,1,340130,,,,340130,340130,,,,,,,340130,,,1,,,,,1,,000001,,2,2,2,30,0,,,,
,N,,,,80,N,N,N,,,Y,,,,340129,,N,N,,2,,N,Y,,N,N,,,N,,,,Y,,,,,,,,,,,,,,2,,340129,340129,340129,,1,,,,,,,,,,,,,,,,,,,,,,,,,,,2,2,,,340129,,,,,,2,2,1,,,,,,N,,N,43510,,,,N,2,,,,,,,,,1,1,,,,,,,,,N,,,,1,,,N,,,N,N,,N,,,N,8001,2021-06-19 03:38:23,1013681,2021-06-19 03:38:23,1013681,6193487,PII,8001,1,8001,,-1,Vision01,1,,,,,1,1,340129,340129,,,340129,340129,340129,340129,,,,,340129,340129,,1,,,,,1,,000002,,2,2,2,30,0,,,,
,N,,,,80,N,N,N,,,Y,,,,340131,,N,N,,2,,N,Y,,N,N,,,N,,,,Y,,,,,,,,,,,,,,2,,340131,,340131,,1,,,,,,,,,,,,,,,,,,,,,,,,,,,2,1,,,340131,,,,,,2,2,1,,,,,,N,,N,43511,,,,N,2,,,,,,,,,1,1,,,,,,,,,N,,,,1,,,N,,,N,N,,N,,,N,8002,2021-06-19 03:45:01,1013681,2021-06-19 03:45:01,1013681,6193487,PUI,8002,1,8002,,-1,Vision01,1,,,,,1,1,340131,340131,,340131,340131,340131,340131,340131,,,,,340131,340131,,1,,,,,1,,000003,,2,2,2,30,0,,,,
,N,,,,80,N,N,N,,,Y,,,,12831,,N,N,,2,,N,Y,,N,N,,,N,,,,Y,,,,,,,,,,,,,,2,,13850,,13850,,1,,,,,,,,,,,,,,,,,,,,,,,,,,,2,2,,,13850,,,,,,2,2,1,,,,,,N,,N,45505,,,,N,2,,,,,,,,,1,1,,,,,,,,,N,,,,1,,,N,,,N,N,,N,,,N,8058,2022-02-07 04:54:23,1318,2022-02-04 09:31:59,1318,6338813,CHD,204,1,8058,,-1,XCycle,1,69,10506,,,1,1,15345,,,,13850,12831,,12831,17347,12837,107411,12833,12831,,13735,1,,,,,1,,001,,2,2,2,30,A,,,,
,,,,,80,N,N,N,,,Y,,,,250788,,N,N,,2,,N,Y,,N,N,,,N,,,,Y,,,,,,,,,,,,,,2,,250784,251777,250786,250782,2,,,,,,,,,,,,,,,,,,,,,,,,,,,2,1,,1002,,,,,,,2,2,1,,,,,,N,,N,40501,,,,N,2,,,,,,,,,1,1,,,,,,,,,N,,,,1,,,N,,,N,N,,N,,,N,7410,2007-07-24 11:00:00,1012664,2007-07-24 08:47:54,1012664,4822522,UA2,204,2,7410,,-1,Vision01,1,2095,,,,1,1,250779,250779,,250781,,250785,250779,250780,250779,,,,250787,,,1,,,,,1,,,,2,2,2,30,A,,,,
,,,,,80,N,N,N,,,Y,,,,245757,,N,N,,2,Y,N,Y,,N,N,,,N,,,,Y,,,,,,,,,,,,,,2,,245754,245759,245756,245748,1,,,,,,,,,,,,,,,,,,,,,,,,,,,2,2,,,245758,,,,,,2,2,1,,,,,,Y,,N,39499,,,,N,2,,,,,,,,,1,1,,,,,,,,,N,,,,1,,,N,,,N,N,,N,,,N,7408,2007-07-16 13:59:42,1004997,2007-07-16 13:59:42,1004997,4812897,PLP,204,1,7408,,-1,Vision01,1,2,10509,,,1,4,245745,245747,,245745,245753,245755,245747,245746,245745,245752,245750,245751,245757,245753,245749,1,,,,2,1,,1000,,2,2,2,30,0,,,,
,,,,,80,N,N,N,,,Y,,,,245773,,N,N,,2,,N,Y,,N,N,,,N,,,,Y,,,,,,,,,,,,,,2,,245770,245775,245772,245764,1,,,,,,,,,,,,,,,,,,,,,,,,,,,2,2,,,245774,,,,,,2,2,1,,,,,,Y,,N,39500,,,,N,2,,,,,,,,,1,1,,,,,,,,,N,,,,1,,,N,,,N,N,,N,,,N,7409,2007-07-16 15:01:06,1004997,2007-07-16 15:01:06,1004997,4812897,PLX,204,1,7409,,-1,Vision01,1,2,10509,,,1,4,245761,245763,,245761,245769,245771,245763,245762,245761,245768,245766,245767,245773,245769,245765,1,,,,2,1,,100,,2,2,2,30,0,,,,
,,,,,80,N,N,N,,,Y,,,,250788,,N,N,,2,,N,Y,,N,N,,,N,,,,Y,,,,,,,,,,,,,,2,,250784,,250786,250782,2,,,,,,,,,,,,,,,,,,,,,,,,,,,2,1,,,,,,,,,2,2,1,,,,,,N,,N,39501,,,,N,2,,,,,,,,,1,1,,,,,,,,,N,,,,1,,,N,,,N,N,,N,,,N,7328,2007-07-23 11:50:07,1012664,2007-07-23 11:50:07,1012664,4820928,UA1,204,1,7328,,-1,Vision01,1,2095,,,,1,1,250779,250779,,250781,250783,250785,250779,250780,,,,,250787,,,1,,,,,1,,,,2,2,2,30,A,,,,
,,,,,,,,,,,,,,,32137,,,,,,,N,Y,,,,,,,,,,,,,,,,,,,,,,,,1,,32133,32138,32136,32132,1,,,,,,,,,,,,,,,,,,,,,,,,,,,2,2,,1000,,,,,,,2,2,1,,,,,,N,,N,1246,,,,N,2,,,,,,,,,,,,,,,,,,,N,,,,,,,N,,,,,,,,,,1669,2002-10-31 06:31:41,1001406,2001-02-07 10:58:55,1001406,1855416,LG1,1448,2,1669,,-1,Progress01,2,,2,,,1,1,32127,32129,,32131,,32134,32130,32128,32127,,,,32137,32135,,1,,,,2,1,LG,001,LG,2,2,2,30,0,,,,
,,,,,,,,,,,,,,,32163,,,,,,,N,Y,,,,,,,,,,,,,,,,,,,,,,,,1,,32159,32164,32162,32158,1,,,,,,,,,,,,,,,,,,,,,,,,,,,2,2,,1000,,,,,,,2,2,1,,,,,,N,,N,1249,,,,N,2,,,,,,,,,,,,,,,,,,,N,,,,,,,N,,,,,,,,,,1671,2002-10-31 06:34:34,1001406,2001-02-07 11:05:00,1001406,1855416,HE1,1448,2,1671,,-1,Progress01,2,,2,,,1,1,32140,32155,,32157,,32160,32156,32154,32140,,,,32163,32161,,1,,,,2,1,HE,001,HE,2,2,2,30,0,,,,
,,,,,,,,,,,,,,,32151,,,,,,,N,Y,,,,,,,,,,,,,,,,,,,,,,,,1,,32147,32152,32150,32146,1,,,,,,,,,,,,,,,,,,,,,,,,,,,2,2,,1000,,,,,,,2,2,1,,,,,,N,,N,1248,,,,N,2,,,,,,,,,,,,,,,,,,,N,,,,,,,N,,,,,,,,,,1672,2002-10-31 06:35:47,1001406,2001-02-07 11:11:21,1001406,1855416,HC1,1448,2,1672,,-1,Progress01,2,,2,,,1,1,32141,32143,,32145,,32148,32144,32142,32141,,,,32151,32149,,1,,,,2,1,HC,001,HC,2,2,2,30,0,,,,
,,,,,,,,,,,,,,,45341,,,,,,,N,Y,,,,,,,,,,,,,,,,,,,,,,,,2,,45341,45553,45235,53821,1,,,,,,,,,,,,,,,,,,,,,,,,,,,2,2,,1002,,,,,,,2,2,1,,,,,,N,,N,1392,,,,N,2,,,,,,,,,,,,,,N,,,,,,,,,,,,N,,,,,,,,,,1759,2002-02-04 08:56:56,1001898,2002-02-04 08:56:56,1001898,1278964,U1,204,2,1759,,-1,Vision01,2,,,,,1,4,42767,42768,,42770,45447,42805,42769,42768,42767,,,,45341,,,1,,,,,1,,,,2,3,2,30,0,,,,
,,,,,,,,,,,,,,,82103,,,,,,,N,Y,,,,,,,,,,,,,,,,,,,,,,,,2,,100078,,82119,,1,,,,,,,,,,,,,,,,,,,,,,,,,,,2,2,,,,,,,,,2,2,1,,,,,,N,,N,2038,,,,N,2,,,,,,,,,,,,,,N,,,,,N,,,,,,,N,,,,,,,,,,2052,2003-04-16 06:14:32,1003379,2002-02-11 03:27:33,1003379,2119765,E9,204,1,2052,,-1,Vision01,2,,2,,,1,4,100078,,,,100078,100077,,,,,,,82103,100069,,1,,,,2,1,PS,50,,2,1,2,30,0,,,,
,,,,,,,,,,,,,,,83322,,,,,,,N,Y,,,,,,,,,,,,,,,,,,,,,,,,2,,83321,,83322,,1,,,,,,,,,,,,,,,,,,,,,,,,,,,2,2,,,,,,,,,2,2,1,,,,,,N,,N,1432,,,,N,2,,,,,,,,,,,,,,N,,,,,,,,,,,,N,,,,,,,,,,2541,2002-06-24 06:05:34,1003154,2002-02-14 12:19:14,1003154,1626883,FS0,2541,1,2541,,-1,Vision01,2,,,,,1,1,83319,,,,83320,81952,,,,,,,83322,,,1,,,,,1,,,,2,2,2,30,0,,,,
,,,,,,,,,,,,,,,25103,,,,,,,N,Y,,,,,,,,,,,,,,,,,,,,,,,,2,,82651,,25097,,1,,,,,,,,,,,,,,,,,,,,,,,,,,,2,2,,,,,,,,,2,2,1,,,,,,N,,N,1515,,,,N,2,,,,,,,,,,,,,,N,,,,,,,,,,,,N,,,,,,,,,,3036,2002-06-24 06:58:12,1003154,2002-06-24 06:57:38,1003154,1626922,FS1,2541,1,3036,,-1,Vision01,1,,,,,1,1,25091,,,,25098,25098,,,,,,,25103,,,1,,,,,1,,,,2,2,2,30,0,,,,
,,,,,,,,,,,,,,,122029,,,,,,,N,Y,,,,,,,,,,,,,,,,,,,,,,,,2,,122028,122031,122029,122027,1,,,,,,,,,,,,,,,,,,,,,,,,,,,2,2,,,122030,,,,,,2,2,1,,,,,,N,,N,2445,,,,N,2,,,,,,,,,,,,,,N,,,,,N,,,,,,,N,,,,,,,,,,1885,2005-06-06 13:49:09,1003399,2002-04-30 13:56:45,1003399,3281455,F1,1885,1,1885,,-1,Vision01,1,,,,,1,1,122026,122026,,122026,122027,122028,122026,122026,130450,130450,130450,130450,122029,122028,130450,1,,,,,1,,1000,,2,2,2,30,0,,,,
,,,,,,,,,,,,,,,85988,,,,,,,N,Y,,,,,,,,,,,,,,,,,,,,,,,,2,,85988,,85988,,1,,,,,,,,,,,,,,,,,,,,,,,,,,,2,2,,,,,,,,,2,2,1,,,,,,N,,N,1555,,,,N,2,,,,,,,,,,,,,,N,,,,,,,,,,,,N,,,,,,,,,,3077,2002-07-24 11:57:43,1238,2002-07-24 11:57:43,1238,1713241,FS2,2541,1,3077,,-1,Vision01,1,,,,,1,1,85988,,,,85988,85988,,,,,,,85988,,,1,,,,,1,,,,2,2,2,30,0,,,,
,,,,,,,,,,,,,,,87199,,,,,,,N,Y,,,,,,,,,,,,,,,,,,,,,,,,2,,87197,87200,87198,13186,2,,,,,,,,,,,,,,,,,,,,,,,,,,,2,2,,1002,,,,,,,2,2,1,,,,,,N,,N,1597,,,,N,2,,,14,13,,,,,1,,,,,N,,,,,Y,3159,,,1,,,Y,,,N,N,,N,,,,3159,2003-08-05 13:01:11,1004510,2002-09-24 15:18:45,1068,2266127,EM1,204,2,3159,,-1,Vision01,2,69,,,,1,4,87193,13513,,87196,14914,12854,87195,87194,87193,,,,87199,,,1,,,,,1,,,,2,2,2,30,0,,,,
,,,,,,,,,,,,,,,32137,,,,,,,N,Y,,,,,,,,,,,,,,,,,,,,,,,,1,,32133,32138,32136,32132,1,,,,,,,,,,,,,,,,,,,,,,,,,,,2,1,,1000,,,,,,,2,2,1,,,,,,N,,N,1673,,,,N,2,,,,,,,,,1,,,,,N,,,,,N,,,,1,,,N,,,N,N,,N,,,,3431,2003-07-15 06:57:35,1001406,2002-11-13 06:11:27,1001406,2220441,LG2,1448,2,3431,,-1,Progress01,2,,2,,,1,1,32127,32129,,32131,,32134,32130,32128,32127,90253,,90252,32137,32135,32127,1,,,,2,1,LG,001,LG,2,2,2,30,0,,,,
,,,,,,,,,,,,,,,12952,,,Y,1234567,,,N,Y,18,Y,,,,,1,,,,,,,,,,,,,,,,,2,,14915,,12880,13186,1,,,,,,,,,,,,,,,,,,,,,,,,,,,2,2,,,,,,,,,2,1,1,,,,,,N,,N,1556,91234567,,20,Y,2,209,,,,,,,,1,3,,,,N,,,,,Y,3098,,,,,,N,,58523,,,,Y,,,,3098,2007-01-29 13:39:56,1068,2002-08-29 15:43:24,1001920,4621287,W2,204,1,3098,1875,-1,Vision01,2,,2,,,1,4,13401,13513,,15339,14914,13402,15338,13512,13516,13780,14914,13779,12952,,15321,1,,,,,1,S,10232125,L,2,2,2,8,A,,,,
,,,,,,,,,,,,,,,88004,,,,,,,N,Y,,,,,,,,,,,,,,,,,,,,,,,,2,,88001,88005,88003,87996,2,,,,,,,,,,,,,,,,,,,,,,,,,,,2,2,,1002,,,,,,,2,2,1,,,,,,N,,N,1619,,,,N,2,,,,,,,,,1,,,,,N,,,,,Y,3158,,,1,,,N,,,N,N,,N,,,,3158,2004-03-09 07:07:02,2330,2002-09-24 13:44:02,2330,2539897,EM2,1080,2,3158,,-1,Process,2,2,3,,,1,4,87992,88250,,87995,87998,88002,87994,87993,87992,88000,87998,87999,88004,,87997,1,,,,,1,,,,2,2,2,30,0,,,,
,,,,,,,,,,,,,,,32163,,,,,,,N,Y,,,,,,,,,,,,,,,,,,,,,,,,1,,32159,32164,32162,32158,1,,,,,,,,,,,,,,,,,,,,,,,,,,,2,1,,1000,,,,,,,2,2,1,,,,,,N,,N,1693,,,,N,2,,,,,,,,,1,,,,,N,,,,,N,,,,1,,,N,,,N,N,,N,,,,3511,2003-07-15 06:57:08,1001406,2002-11-14 07:37:41,1001406,2220441,HE2,1448,2,3511,,-1,Progress01,2,,2,,,1,1,32140,32155,,32157,,32160,32156,32154,32140,,,,32163,32161,,1,,,,2,1,HE,001,HE,2,2,2,30,0,,,,
,,,,,,,,,,,,,,,32151,,,,,,,N,Y,,,,,,,,,,,,,,,,,,,,,,,,1,,32147,32152,32150,32146,1,,,,,,,,,,,,,,,,,,,,,,,,,,,2,1,,1000,,,,,,,2,2,1,,,,,,N,,N,1694,,,,N,2,,,,,,,,,1,,,,,N,,,,,N,,,,1,,,N,,,N,N,,N,,,,3512,2003-07-15 06:56:47,1001406,2002-11-15 02:17:02,1001406,2220441,HC2,1448,2,3512,,-1,Progress01,2,,2,,,1,1,32141,32143,,32145,,32148,32144,32142,32141,,,,32151,32149,,1,,,,2,1,HC,001,HC,2,2,2,30,0,,,,
,,,,,,,,,,,,,,,32124,,,,,,,N,Y,,,,,,,,,,,,,,,,,,,,,,,,1,,32120,32125,32123,32119,1,,,,,,,,,,,,,,,,,,,,,,,,,,,2,1,,1000,,,,,,,2,2,1,,,,,,N,,N,1695,,,,N,2,,,,,,,,,1,,,,,N,,,,,N,,,,1,,,N,,,N,N,,N,,,,3513,2003-07-15 06:56:04,1001406,2002-11-15 02:50:02,1001406,2220441,CG2,1448,2,3513,,-1,Progress01,2,,2,,,1,1,32114,32116,,32118,,32121,32117,32115,32114,,,,32124,32122,,1,,,,2,1,CG,001,CG,2,2,2,30,0,,,,
,,,,,,,,,,,,,,,88100,,,,,,,N,Y,,,,,,,,,,,,,,,,,,,,,,,,2,,88097,88097,88099,88091,1,,,,,,,,,,,,,,,,,,,,,,,,,,,1,1,1,,88101,,,,,,2,2,1,,,,,,N,,N,1599,LPN,P,10,Y,2,243,,14,13,,,,,1,1,,,1,N,,,,,N,,,,1,,2,N,,1271,N,N,,Y,,,,3178,2002-11-14 17:32:52,1004253,2002-10-02 22:06:03,1614,1885186,P5,600,1,3178,1270,-1,Vision01,2,,,,,1,3,88086,88088,,88090,88096,88098,88089,88087,88086,88095,88093,88094,88100,,88092,4,10,,,,1,,,,2,2,2,30,A,,,,
,,,,,,,,,,,,,,,88417,,,,,,,N,Y,,,,,,,,,,,,,,,,,,,,,,,,2,,88415,,88416,88412,1,,,,,,,,,,,,,,,,,,,,,,,,,,,2,2,,,,,,,,,2,2,1,,,,,,N,,N,1651,,,,N,2,,,,,,,,,1,,,,,N,,,,,N,,,,1,,,N,,,N,N,,N,,,,3222,2002-10-23 16:13:09,1004358,2002-10-23 16:13:09,1004358,1845211,VLR,204,1,3222,,-1,Vision01,2,,2,,,1,1,88476,88478,,88480,88414,88989,88479,88477,88481,88486,88414,88485,88417,,88413,4,7,,,2,1,,,,2,2,2,30,0,,,,
,,,,,,,,,,,,,,,88417,,,,,,,N,Y,,,,,,,,,,,,,,,,,,,,,,,,2,,88415,,88416,88412,2,,,,,,,,,,,,,,,,,,,,,,,,,,,2,2,,,,,,,,,2,2,1,,,,,,N,,N,1621,,,,N,2,,,,,,,,,1,,,,,N,,,,,N,,,,1,,,N,,,N,N,,N,,,,3200,2002-10-16 11:52:17,1318,2002-10-15 11:36:08,1318,1836250,VL,204,1,3200,,-1,Vision01,2,,2,,,1,1,88476,88478,,88480,88414,13402,88479,88477,88481,88486,88414,88485,88417,,88413,4,7,,,2,1,VL,200000,L,2,1,1,9,0,,,,
,,,,,,,,,,,,,,,89159,,,,,,,N,Y,,,,,,,,,,,,,,,,,,,,,,,,2,,89156,,89158,89154,2,,,,,,,,,,,,,,,,,,,,,,,,,,,1,1,2,,,,,,,,2,2,1,,,,,,N,,N,1652,,,,N,2,,,14,13,,,,,1,,,,1,N,,,,,Y,3223,,,1,,,N,,,N,N,,Y,,,,3223,2002-11-12 16:47:42,1614,2002-10-25 15:54:31,1614,1875388,MRO,600,1,3223,,-1,Vision01,2,,,,,1,3,89150,89152,,89153,89155,89157,89152,89151,,,,,89159,,,1,,,,,1,,,,2,1,2,30,0,,,,
,,,,,,,,,,,,,,,90592,,,,,,,N,Y,,,,,,,,,,,,,,,,,,,,,,,EEC,2,,90592,,90593,,1,,,,,,,,,,,,,,,,,,,,,,,,,,,2,2,,,,,,,,,2,2,1,,,,,,N,,N,1714,,,,N,2,,,,,,,,,1,,,,,N,,,,,N,,,,1,,,N,,,N,N,,N,,,,3078,2002-11-15 07:27:49,1004072,2002-11-15 07:22:04,1004072,1890948,PF1,1448,1,3078,,-1,Progress01,1,,,,,1,1,90592,,,,90592,90019,,,,,,,90592,,,1,,,,,1,,,,2,2,2,30,0,,,,
,,,,,,,,,,,,,,,108617,,,,,,,N,Y,,,,,,,,,,,,,,,,,,,,,,,,2,,108614,108618,108616,98489,1,,,,,,,,,,,,,,,,,,,,,,,,,,,2,2,,1002,,,,,,,2,2,1,,,,,,N,,N,2181,,,,N,2,,,,,,,,,1,,,,,N,,,,,N,,,,1,,,N,,,N,N,,N,,,,3537,2003-10-01 02:24:51,1004944,2003-01-24 13:48:17,1318,2343294,CH,204,2,3537,,-1,Vision01,1,,,,,1,1,108609,108611,,108613,,108615,108612,108610,108609,,,,108617,,,1,,,,,1,CH,1000,,2,2,2,30,0,,,,
,,,,,,,,,,,,,,,91630,,,,,,,N,Y,,,,,,,,,,,,,,,,,,,,,,,,2,,91950,,91913,91630,1,,,,,,,,,,,,,,,,,,,,,,,,,,,2,2,,,,,,,,,2,2,1,,,,,,N,,N,1736,,,,N,2,,,,,,,,,1,,,,,N,,,,,N,,,,1,,,N,,,N,N,,N,,,,3561,2003-01-30 12:56:40,1318,2003-01-24 14:49:49,1318,1957368,CZ,204,1,3561,,-1,Vision01,1,,,,,1,1,91949,91951,,91952,91622,91949,91622,91950,,,,,91630,,,1,,,,,1,,,,2,2,2,30,0,,,,
,,,,,,,,,,,,,,,98828,,,,,,,N,Y,,,,,,,,,,,,,,,,,,,,,,,,2,,98825,98829,98827,98823,1,,,,,,,,,,,,,,,,,,,,,,,,,,,2,2,,,,,,,,,2,2,1,,,,,,N,,N,1918,,,,N,2,,,,,,,,,1,,,,,N,,,,,N,,,,1,,,N,,,N,N,,N,,,,3687,2003-02-19 04:31:39,1005127,2003-02-03 11:52:01,1318,2019851,VAR,204,1,3687,,-1,Vision01,1,,,,,1,1,98818,98820,,98822,98824,98826,98821,98819,,,,,98828,,,1,,,,,1,,,,2,2,2,30,0,,,,
,,,,,,,,,,,,,,,84378,,,,,,,N,Y,,,,,,,,,,,,,,,,,,,,,,,,2,,84377,,84095,84375,2,,,,,,,,,,,,,,,,,,,,,,,,,,,2,2,,,,,,,,,2,2,1,,,,,,N,,N,1877,,,,N,2,,,,,,,,,1,,,,,N,,,,,N,,,,1,,,N,,,N,N,,N,,,,3886,2003-02-14 08:10:22,2046,2003-02-14 08:10:22,2046,1992113,E53,204,1,3886,,-1,Vision01,2,2,2,,,1,4,78035,84372,,84374,84376,84371,84373,78035,84371,84095,84376,84378,84378,84371,84376,4,10,,,2,1,UK,500000,UK,1,1,1,6,0,,,,
,,,,,,,,,,,,,,,91946,,,,,,,N,Y,,,,,,,,,,,,,,,,,,,,,,,,2,,91944,91948,91703,91665,1,,,,,,,,,,,,,,,,,,,,,,,,,,,2,2,,1064,91947,,,,,,2,2,1,,,,,,N,,N,1735,,,,N,2,,,,,,,,,1,,,,,N,,,,,N,,,,1,,,N,,,N,N,,N,,,,3562,2003-01-30 12:59:23,1318,2003-01-24 14:02:45,1318,1957368,PL,204,5,3562,,-1,Vision01,1,,,,,1,1,91935,91937,,91935,91943,91945,91937,91936,91935,91941,91939,91940,91946,91943,91938,1,,,,,1,,,,2,2,2,30,0,,,,
,,,,,,,,,,,,,,,21876,,,,,,,N,Y,,,,,,,,,,,,,,,,,,,,,,,,2,,22005,,26931,21069,2,,,,,,,,,,,,,,,,,,,,,,,,,,,2,2,,,,,,,,,2,2,1,,,,,,N,,N,1796,,,,N,2,,,,,,,,,1,,,,,N,,,,,N,,,,1,,,N,,,N,N,,N,,,,3708,2003-02-04 08:16:43,2048,2003-02-04 08:16:43,2048,1964281,E52,204,1,3708,,-1,Vision01,1,2,2,,,1,4,22005,22007,,22009,22005,21877,22008,22006,22014,22013,22005,22012,21876,21877,22005,4,10,,,2,1,SE,100000,SE,2,1,2,6,A,,,,
,,,,,,,,,,,,,,,85947,,,,,,,N,Y,,,,,,,,,,,,,,,,,,,,,,,,2,,27270,,83442,25449,2,,,,,,,,,,,,,,,,,,,,,,,,,,,2,2,,,,,,,,,2,2,1,,,,,,N,,N,1817,,,,N,2,,,,,,,,,1,,,,,N,,,,,N,,,,1,,,N,,,N,N,,N,,,,3732,2003-02-06 07:22:29,2044,2003-02-06 07:22:29,2044,1967902,E55,204,1,3732,,-1,Vision01,2,,2,,,1,4,40618,40619,,40620,40622,22297,40619,21074,28881,21896,27270,21896,85947,85946,40621,4,10,,,2,1,FR,100000,FR,2,1,1,6,0,,,,
,,,,,,,,,,,,,,,136732,,,,,2,,N,Y,,N,N,,,N,1,,,Y,,,,,,,,,,,,,,2,,136729,136733,136731,,1,,,,,,,,,,,,,,,,,,,,,,,,,,,2,2,,,,,,,,,2,2,1,,,,,,N,,N,34480,,,,N,2,,,,,,,,,1,1,,,,,,,,,N,,,,1,,,N,,,N,N,,N,,,,7187,2006-06-01 03:45:00,1011771,2006-05-24 15:00:30,1068,3979732,002,7226,1,7187,,-1,Vision01,1,,2,,,1,1,136723,136725,,136727,136728,136730,136726,136724,,,,,136732,,,1,,,,2,1,,29000,,2,2,2,30,0,,,,
,,,,,,,,,,,,,,,136755,,,,,2,,N,Y,,N,N,,,N,1,,,Y,,,,,,,,,,,,,,2,,136752,136756,136754,,1,,,,,,,,,,,,,,,,,,,,,,,,,,,2,2,,,,,,,,,2,2,1,,,,,,N,,N,34481,,,,N,2,,,,,,,,,1,1,,,,,,,,,N,,,,1,,,N,,,N,N,,N,,,,7188,2006-06-01 03:57:29,1011771,2006-05-24 15:10:04,1068,3979732,003,7226,1,7188,,-1,Vision01,1,,2,,,1,1,136746,136748,,136750,136751,136753,136749,136747,,,,,136755,,,1,,,,2,1,,21000,,2,2,2,30,0,,,,
,,,,,,,,,,,,,,,140397,,,,,2,,N,Y,10,N,N,,,N,1,,,Y,,,,,,,,,,,,,,2,,140395,,140396,140392,2,,,,,,,,,,,,,,,,,,,,,,,,,,,1,2,1,,12835,,,,,,2,1,1,136555,136555,136555,136555,136555,N,,N,35484,LPN,D,100,Y,2,,,14,13,,,,,1,1,,,1,,,,,,N,,,,1,,,N,,,N,N,,N,,,,7227,2006-08-21 13:17:44,1068,2006-08-02 13:01:00,1068,4081652,W4,204,1,7227,,-1,Vision01,1,,,,,1,3,13401,13513,,15339,140394,13402,15338,13512,13516,13780,140394,13779,140397,,140393,4,10,,,,1,SN,232323,,2,2,2,30,0,,,,
,,,,,,,,,,,,,,,108406,,,,,,,N,Y,,,,,,,,,,,,,,,,,,,,,,,,2,,108406,,108408,108444,2,,,,,,,,,,,,,,,,,,,,,,,,,,,2,2,,,,,,,,,,2,1,,,,,,N,,N,2159,,,,N,,,,,,,,,,,,,,,,,,,,N,,,,,,,N,,,,,,,,,,916,2003-09-25 22:07:36,2049,1999-07-27 16:14:37,2050,2336278,J1,204,1,916,,-1,Japan-CAL,1,2095,,,,2,1,108391,108391,,108391,108406,108407,108391,108391,108391,108336,108406,108407,108406,,108406,1,,,,,1,,,,2,2,2,,0,,,,
,,,,,,,,,,,,,,,115800,,,,,,,N,Y,,,,,,N,1,,,Y,,,,,,,,,,,,,,2,,115797,115801,115799,115796,1,,,,,,,,,,,,,,,,,,,,,,,,,,,2,2,,1002,,,,,,1,2,2,1,,,,,,N,,N,2262,,,,N,2,,,,,,,,,1,1,,,,N,,,,,N,,,,1,,,N,,,N,N,,N,,,,4863,2003-10-30 09:17:50,1007520,2003-10-29 14:59:50,1007520,2383151,C1,1448,2,4863,2106,-1,PROGRESSCA,2,,,,,1,4,115791,115793,,115795,,115798,115794,115792,115791,115804,115802,115803,115800,,,4,10,,,,1,C1000,0000001,,2,3,2,,0,,,,
,,,,,,,,,,,,,,,12952,,,,,2,,N,Y,,N,,,,N,1,,,Y,,,,,,,,,,,,,,2,,123004,,123005,123001,1,,,,,,,,,,,,,,,,,,,,,,,,,,,2,2,,,,,,,,,2,2,1,,,,,,N,,N,4471,,,,N,2,,,,,,,,,1,1,,,,,,,,,N,,,,1,,,N,,,N,N,,N,,,,5356,2004-07-19 08:41:55,1068,2004-07-19 06:32:05,1068,2702512,B2,204,1,5356,4333,-1,Vision01,1,,2,,,1,1,123001,123001,,123001,14914,13402,123001,123001,13516,13780,123003,13779,12952,,123002,1,,,,,1,,1,L,1,1,2,30,A,,,,
,,,,,,,,,,,,,,,128844,,,,,2,,N,Y,,N,N,,,N,1,,,Y,,,,,,,,,,,,,,2,,128841,128845,128843,128835,2,,,,,,,,,,,,,,,,,,,,,,,,,,,1,1,2,1068,,,,,,,2,2,1,,,,,,N,,N,18474,,,,N,2,,,,,,,,,1,1,,,,,,,,,Y,6202,,,1,,,N,,,N,N,,N,,,,6202,2006-05-11 06:47:07,1003259,2005-03-30 10:35:50,1007262,3958957,SFM,600,2,6202,,-1,Vision01,2,,,,,1,3,128830,128832,,128834,128840,128842,128833,128831,128830,128839,128837,128838,128844,,128836,4,10,,,,4,,,,2,2,2,30,0,,,,
,,,,,,,,,,,,,,,128862,,,,,2,,N,Y,,N,N,,,N,1,,,Y,,,,,,,,,,,,,,2,,128859,128863,128861,128853,2,,,,,,,,,,,,,,,,,,,,,,,,,,,1,1,2,1068,,,,,,,2,2,1,,,,,,N,,N,18475,,,,N,2,,,,,,,,,1,1,,,,,,,,,Y,6203,,,1,,,N,,,N,N,,N,,,,6203,2006-05-11 06:46:08,1003259,2005-03-30 10:46:06,1007262,3958957,DFW,600,2,6203,,-1,Vision01,2,,,,,1,3,128848,128850,,128852,128858,128860,128851,128849,128848,128857,128855,128856,128862,,128854,4,10,,,,4,,,,2,2,2,30,0,,,,
,,,,,,,,,,,,,,,128881,,,,,2,,N,Y,,N,N,,,N,1,,,Y,,,,,,,,,,,,,,2,,128878,128882,128880,128872,2,,,,,,,,,,,,,,,,,,,,,,,,,,,1,1,2,1068,,,,,,,2,2,1,,,,,,N,,N,18476,,,,N,2,,,,,,,,,1,1,,,,,,,,,Y,6222,,,1,,,N,,,N,N,,N,,,,6222,2006-05-11 06:46:36,1003259,2005-03-30 10:57:47,1007262,3958957,JFK,600,2,6222,,-1,Vision01,2,,,,,1,3,128867,128869,,128871,128877,128879,128870,128868,128867,128876,128874,128875,128881,,128873,4,10,,,,4,,,,2,2,2,30,0,,,,
,,,,,,,,,,,,,,,128962,,,,,2,,N,Y,,N,N,,,N,1,,,Y,,,,,,,,,,,,,,2,,128960,,128961,128958,1,,,,,,,,,,,,,,,,,,,,,,,,,,,2,2,,,,,,,,,2,2,1,,,,,,N,,N,19475,,,,N,2,,,,,,,,,1,1,,,,N,,,,,N,,,,1,,,N,,,N,N,,N,,,,6263,2005-04-18 13:24:24,2936,2005-04-06 19:27:39,2936,3165264,PD1,1080,1,6263,,-1,Process,2,,,,,1,1,88504,88506,,88507,128959,88503,88517,88505,88511,88428,128959,88403,128962,,88509,1,,,,,1,,1,,2,2,2,30,0,,,,
,,,,,,,,,,,,,,,,,,,,,,,,,,,,,,,,,,,,,,,,,,,,,,,2,,88514,,88515,88518,2,,,,,,,,,,,,,,,,,,,,,,,,,,,2,2,,,,,,,,,,2,1,,,,,,Y,PR1,N,36484,,,,N,,,,,,,,,,,,,,,,,,,,,,,,,,,N,,,,,,,,,,7247,2006-06-28 14:53:55,2330,1999-12-07 13:02:11,1318,4009624,LAB,1080,1,7247,,-1,Process,2,2,2,,,1,4,88504,88506,,88507,88513,88503,88517,88505,88511,88428,88513,88403,88516,,88509,1,,,,2,1,,,L,2,2,2,30,0,,,,
,,,,,,,,,,,,,,,,,,,,,,,,,,,,,,,,,,,,,,,,,,,,,,,2,,88514,,88515,88518,2,,,,,,,,,,,,,,,,,,,,,,,,,,,2,2,,,,,,,,,,2,1,,,,,,Y,PR1,N,36485,,,,N,,,,,,,,,,,,,,,,,,,,,,,,,,,N,,,,,,,,,,7248,2006-06-28 14:53:55,2330,1999-12-07 13:02:11,1318,4009624,LA0,1080,1,7248,,-1,Process,2,2,2,,,1,4,88504,88506,,88507,88513,88503,88517,88505,88511,88428,88513,88403,88516,,88509,1,,,,2,1,,,L,2,2,2,30,0,,,,
,,,,,,,,,,,,,,,,,,,,,,,,,,,,,,,,,,,,,,,,,,,,,,,2,,88514,,88515,88518,2,,,,,,,,,,,,,,,,,,,,,,,,,,,2,2,,,,,,,,,,2,1,,,,,,Y,PR1,N,36486,,,,N,,,,,,,,,,,,,,,,,,,,,,,,,,,N,,,,,,,,,,7249,2006-06-28 14:53:55,2330,1999-12-07 13:02:11,1318,4009624,LA1,1080,1,7249,,-1,Process,2,2,2,,,1,4,88504,88506,,88507,88513,88503,88517,88505,88511,88428,88513,88403,88516,,88509,1,,,,2,1,,,L,2,2,2,30,0,,,,
,,,,,,,,,,,,,,,,,,,,,,,,,,,,,,,,,,,,,,,,,,,,,,,2,,88514,,88515,88518,2,,,,,,,,,,,,,,,,,,,,,,,,,,,2,2,,,,,,,,,,2,1,,,,,,Y,PR1,N,36487,,,,N,,,,,,,,,,,,,,,,,,,,,,,,,,,N,,,,,,,,,,7250,2006-06-28 14:53:55,2330,1999-12-07 13:02:11,1318,4009624,LA2,1080,1,7250,,-1,Process,2,2,2,,,1,4,88504,88506,,88507,88513,88503,88517,88505,88511,88428,88513,88403,88516,,88509,1,,,,2,1,,,L,2,2,2,30,0,,,,
,,,,,,,,,,,,,,,114153,,,,,,,N,Y,,,,,,N,1,,,Y,,,,,,,,,,,,,,2,,114148,,114152,114145,2,,,,,,,,,,,,,,,,,,,,,,,,,,,2,2,,,,,,,,,2,2,1,,,,,,N,,N,2203,,,,N,2,,,,,,,,,1,1,,,,N,,,,,N,,,,1,,,N,,,N,N,,N,,,,4699,2003-11-06 18:51:43,1007097,2003-10-13 23:23:51,1007097,2396981,VCT,204,1,4699,,-1,CN_CAL,2,,,,,1,4,114144,114144,,114144,114148,116100,114146,114145,114151,114150,114148,114149,114153,,114147,1,,,,,1,,,,1,2,2,6,A,,,,
,,,,,,,,,,,,,,,114498,,,,,,,N,Y,,,,,,N,1,,,Y,,,,,,,,,,,,,,2,,114495,114499,114497,114489,2,,,,,,,,,,,,,,,,,,,,,,,,,,,2,1,,1068,,,,,,,2,2,1,,,,,,N,,N,2221,,,,Y,2,,,14,13,,,,,1,1,,,,N,,,,,Y,4698,,,1,,,Y,,,N,N,,N,,,,4698,2006-06-13 08:30:16,1003259,2003-10-17 12:53:46,1007262,3992091,PMM,600,2,4698,,-1,Vision01,2,,,,,1,3,114484,114486,,114488,114494,114496,114487,114485,114484,114493,114491,114492,114498,,114490,4,10,,,,1,A,1,,2,2,2,30,0,,,,
,,,,,,,,,,,,,,,117888,,,,,,,N,Y,,,,,,N,1,,,Y,,,,,,,,,,,,,,2,,117886,118428,117887,117884,1,,,,,,,,,,,,,,,,,,,,,,,,,,,2,2,,1002,,,,,,,2,2,1,,,,,,N,,N,2404,,,,N,2,,,,,,,,,1,1,,,,N,,,,,N,,,,1,,,N,,,N,N,,N,,,,5186,2005-03-03 11:58:58,1007953,2004-02-20 11:35:27,1318,3102674,VEC,5186,2,5186,,-1,Vision01,2,,,,,1,1,117863,117865,,117863,117885,117870,117866,117864,117863,117891,117885,117890,117888,,117889,1,,,,,1,,000001,,2,2,2,30,0,,,,
,,,,,,,,,,,,,,,12952,,,,,2,,N,Y,,N,,,,N,1,,,Y,,,,,,,,,,,,,,2,,14915,,12880,13186,1,,,,,,,,,,,,,,,,,,,,,,,,,,,2,1,,,17366,,,,,,2,2,1,,,,,,N,,N,5473,,,,N,2,,,,,,,,,1,1,,,,,,,,,N,,,,1,,,N,,,N,N,,N,,,,5443,2005-03-17 13:48:48,1068,2004-07-15 06:09:43,1068,3120651,ST3,204,1,5443,19449,-1,Vision01,2,,,,,1,4,13401,13513,,15339,14914,13402,15338,13512,13516,13780,14914,13779,12952,,15321,1,,,,,1,,6000,,2,2,2,30,0,,,,
,,,,,,,,,,,,,,,12952,,,,,2,,N,Y,,N,,,,N,1,,,Y,,,,,,,,,,,,,,2,,14915,,12880,13186,1,,,,,,,,,,,,,,,,,,,,,,,,,,,2,1,,,17366,,,,,,2,2,1,,,,,,N,,N,5471,,,,N,2,,,,,,,,,1,1,,,,,,,,,N,,,,1,,,N,,,N,N,,N,,,,5444,2005-03-17 13:48:12,1068,2004-07-15 06:36:10,1068,3120651,ST2,204,1,5444,19448,-1,Vision01,2,,,,,1,4,13401,13513,,15339,14914,13402,15338,13512,13516,13780,14914,13779,12952,,15321,1,,,,,1,,7000,,2,2,2,30,0,,,,
,,,,,,,,,,,,,,,99666,,,,,,,N,Y,,,,,,,,,,,,,,,,,,,,,,,,2,,99663,,99665,99661,1,,,,,,,,,,,,,,,,,,,,,,,,,,,2,2,,,,,,,,,2,2,1,,,,,,N,,N,1958,,,,N,2,,,,,,,,,1,,,,,N,,,,,N,,,,1,,,N,,,N,N,,N,,,,3964,2003-03-14 12:09:45,1005690,2003-03-14 12:09:45,1005690,2088245,VCH,204,1,3964,,-1,Vision01,1,,,,,1,1,99656,99658,,99660,99662,99664,99659,99657,,,,,99666,,,1,,,,,1,,,,2,2,2,30,0,,,,
,,,,,,,,,,,,,,,99773,,,,,,,N,Y,,,,,,,,,,,,,,,,,,,,,,,,2,,99770,,99772,,1,,,,,,,,,,,,,,,,,,,,,,,,,,,2,2,,,,,,,,,2,2,1,,,,,,N,,N,1978,,,,N,2,,,,,,,,,1,,,,,N,,,,,N,,,,1,,,N,,,N,N,,N,,,,3966,2003-03-17 04:54:45,1005692,2003-03-17 04:54:45,1005692,2090956,E10,204,1,3966,,-1,Vision01,2,,,,,1,1,99769,,,,99770,99771,,,,,,,99773,,,1,,,,,1,,,,2,2,2,30,0,,,,
,,,,,,,,,,,,,,,99838,,,,,,,N,Y,,,,,,,,,,,,,,,,,,,,,,,,2,,99835,,99837,,1,,,,,,,,,,,,,,,,,,,,,,,,,,,2,2,,,,,,,,,2,2,1,,,,,,N,,N,1998,,,,N,2,,,,,,,,,1,,,,,N,,,,,N,,,,1,,,N,,,N,N,,N,,,,1646,2003-03-19 11:07:27,1005695,2003-03-19 11:07:27,1005695,2091876,AU,204,1,1646,,-1,Vision01,2,,,,,1,1,99834,,,,99835,99836,,,,,,,99838,,,1,,,,,1,,,,2,2,2,30,0,,,,
,,,,,,,,,,,,,,,100119,,,,,,,N,Y,,,,,,,,,,,,,,,,,,,,,,,,2,,100118,100120,100119,100112,2,,,,,,,,,,,,,,,,,,,,,,,,,,,1,2,2,1002,,,,,,,2,2,1,,,,,,N,,N,2058,,,,N,2,,,,,,,,,1,,,,,N,,,,,Y,4024,,,1,,,Y,,,N,N,,N,,,,4024,2003-04-21 12:26:45,1614,2003-04-18 15:57:17,1614,2123770,EM3,600,2,4024,,-1,Vision01,2,,,,,1,3,100107,100109,,100111,,100115,100110,100108,100107,100116,100114,100115,100119,,100113,1,,,,,1,,,,2,2,2,30,A,,,,
,,,,,,,,,,,,,,,92045,,,,,,,N,Y,,,,,,,,,,,,,,,,,,,,,,,,2,,92041,92046,92044,92039,2,,,,,,,,,,,,,,,,,,,,,,,,,,,1,1,1,1002,92046,,,,,,2,2,1,,,,,,N,,N,1754,,,,N,2,,,,,,,,,1,,,,,N,,,,,Y,3645,,,1,,,N,,,N,N,,N,,,,3645,2003-02-06 14:44:50,1005059,2003-01-28 14:50:34,1005059,1973020,UTE,600,2,3645,,-1,Vision01,2,,3,,,1,3,92037,92038,,92038,92041,92041,92038,92037,92037,92043,92041,92042,92045,,92040,1,,,,,1,L,100000,L,2,1,1,10,A,,,,
,,,,,,,,,,,,,,,21431,,,,,,,N,Y,,,,,,,,,,,,,,,,,,,,,,,,2,,84703,,21678,98161,2,,,,,,,,,,,,,,,,,,,,,,,,,,,2,2,,,,,,,,,2,2,1,,,,,,N,,N,1816,,,,N,2,,,,,,,,,1,,,,,N,,,,,N,,,,1,,,N,,,N,N,,N,,,,3728,2003-02-06 01:59:07,2045,2003-02-06 01:59:07,2045,1967458,E51,204,1,3728,,-1,Vision01,2,,2,,,1,4,21431,22276,,22278,84702,21641,22277,21431,21071,21073,21431,22642,21431,21641,21431,4,10,,,2,1,DE,10000,DE,2,1,2,6,0,,,,
,,,,,,,,,,,,,,,98325,,,,,,,N,Y,,,,,,,,,,,,,,,,,,,,,,,,2,,98322,,98305,98316,2,,,,,,,,,,,,,,,,,,,,,,,,,,,2,1,,,,,,,,,2,2,1,,,,,,N,,N,1837,,,,N,2,,,,,,,,,1,,,,,N,,,,,N,,,,1,,,N,,,N,N,,N,,,,3812,2005-02-01 02:19:52,2209,2003-02-11 13:08:03,1005207,3063237,SP1,204,1,3812,,-1,Vision01,2,69,,,,1,1,98311,98313,,98315,98318,98323,98314,98312,98321,98320,98318,98319,98325,98324,98317,1,,,,,1,,,S,1,1,2,30,A,,,,
,,,,,,,,,,,,,,,98325,,,,,,,N,Y,,,,,,,,,,,,,,,,,,,,,,,,2,,98322,,98305,98316,2,,,,,,,,,,,,,,,,,,,,,,,,,,,2,2,,,,,,,,,2,2,1,,,,,,N,,N,1838,,,,N,2,,,,,,,,,1,,,,,N,,,,,N,,,,1,,,N,,,N,N,,N,,,,3814,2003-02-11 13:18:03,1005207,2003-02-11 13:18:03,1005207,1978842,SP2,204,1,3814,,-1,Vision01,2,69,,,,1,1,98311,98313,,98315,98318,98323,98314,98312,98321,98320,98318,98319,98325,,98317,1,,,,,1,,,,1,1,2,30,A,,,,
,,,,,,,,,,,,,,,98325,,,,,,,N,Y,,,,,,,,,,,,,,,,,,,,,,,,2,,98322,,98305,98316,2,,,,,,,,,,,,,,,,,,,,,,,,,,,2,2,,,,,,,,,2,2,1,,,,,,N,,N,1839,,,,N,2,,,,,,,,,1,,,,,N,,,,,N,,,,1,,,N,,,N,N,,N,,,,3813,2003-02-11 13:21:53,1005207,2003-02-11 13:21:53,1005207,1978842,RJ1,204,1,3813,,-1,Vision01,2,69,,,,1,1,98311,98313,,98315,98318,98323,98314,98312,98321,98320,98318,98319,98325,,98317,1,,,,,1,,,,1,1,2,30,A,,,,
,,,,,,,,,,,,,,,92054,,,,,,,N,Y,,,,,,,,,,,,,,,,,,,,,,,,2,,92051,92050,92053,92049,1,,,,,,,,,,,,,,,,,,,,,,,,,,,1,1,1,1002,92050,,,,,,2,2,1,,,,,,N,,N,1755,,,,N,2,,,,,,,,,1,,,,,N,,,,,Y,3646,,,1,,,N,,,N,N,,N,,,,3646,2003-02-06 14:42:48,1005059,2003-01-28 15:25:53,1005059,1973020,UTG,600,2,3646,,-1,Vision01,2,,3,,,1,3,92048,92049,,92049,92051,92051,92049,92048,92048,92052,92051,92124,92054,,92050,1,,,,,1,L,100002,L,2,2,1,10,A,,,,
,,,,,,,,,,,,,,,22091,,,,,,,N,Y,,,,,,,,,,,,,,,,,,,,,,,,2,,22088,,22090,22082,2,,,,,,,,,,,,,,,,,,,,,,,,,,,2,2,,,,,,,,,2,2,1,,,,,,N,,N,1756,,,,N,2,,,,,,,,,1,,,,,N,,,,,N,,,,1,,,N,,,N,N,,N,,,,3688,2003-02-03 02:24:39,2047,2003-02-03 02:24:39,2047,1961236,E54,204,1,3688,,-1,Vision01,2,2,2,,,1,4,22077,22079,,22081,22084,22089,22080,22078,22087,22086,22084,22085,22091,,22083,4,10,,,2,1,N,100000,N,2,1,1,6,0,,,,
,,,,,,,,,,,,,,,22927,,,,,,,N,Y,,,,,,,,,,,,,,,,,,,,,,,,2,,22923,,22926,22921,2,,,,,,,,,,,,,,,,,,,,,,,,,,,2,2,,,,,,,,,2,2,1,,,,,,N,,N,1897,,,,N,2,,,,,,,,,1,,,,,N,,,,,N,,,,1,,,N,,,N,N,,N,,,,3913,2003-02-17 06:55:29,2190,2003-02-17 06:55:29,2190,2006709,E56,204,1,3913,,-1,Vision01,2,2,2,,,1,4,22916,22918,,22920,22922,22924,22919,22917,,24109,27272,27273,22927,22925,27271,4,10,,,2,1,IT,1200000,IT,1,1,1,6,0,,,,
,,,,,,,,,,,,,,,87110,,,,,,,N,Y,,,,,,,,,,,,,,,,,,,,,,,,2,,87114,,23012,21720,2,,,,,,,,,,,,,,,,,,,,,,,,,,,2,2,,,,,,,,,2,2,1,,,,,,N,,N,1898,,,,N,2,,,,,,,,,1,,,,,N,,,,,N,,,,1,,,N,,,N,N,,N,,,,3914,2003-02-18 02:40:34,2189,2003-02-18 02:40:34,2189,2011026,E58,204,1,3914,,-1,Vision01,2,2,2,,,1,4,21720,21720,,21720,27268,22987,21720,21720,87117,87116,27268,24356,87110,87159,24362,4,10,,,2,1,BE,340000,BE,1,1,1,6,0,,,,
,,,,,,,,,,,,,,,122613,,,,,,,N,Y,,,,,,N,1,,,Y,,,,,,,,,,,,,,2,,122611,,122612,122608,1,,,,,,,,,,,,,,,,,,,,,,,,,,,2,2,,,,,,,,,2,2,1,,,,,,N,,N,2470,,,,N,2,,,,,,,,,1,1,,,,N,,,,,N,,,,1,,,N,,,N,N,,N,,,,4064,2004-06-25 12:15:27,1068,2003-06-09 06:32:02,1068,2678805,B1,204,1,4064,,-1,Vision01,2,,,,,1,1,13401,13513,,15339,122610,13402,15338,13512,13516,13780,122610,13779,122613,,122609,1,,,,,1,,,,2,2,2,30,0,,,,
,,,,,,,,,,,,,,,126203,,,,,2,,N,Y,,N,,,,N,1,,,Y,,,,,,,,,,,,,,2,,126201,,126202,,1,,,,,,,,,,,,,,,,,,,,,,,,,,,2,2,,,,,,,,,2,2,1,,,,,,N,,N,12473,,,,N,2,,,,,,,,,1,1,,,,,,,,,N,,,,1,,,N,,,N,N,,N,,,,3535,2004-09-28 09:59:43,1004945,2004-09-28 09:59:43,1004945,2872974,VTW,204,1,3535,,-1,Vision01,1,,,,,1,1,126199,,,,126200,91892,,,,,,,126203,,,1,,,,,1,,,,2,2,2,30,0,,,,
,,,,,,,,,,,,,,,126208,,,,,2,,N,Y,,N,,,,N,1,,,Y,,,,,,,,,,,,,,2,,126206,,126207,,1,,,,,,,,,,,,,,,,,,,,,,,,,,,2,2,,,,,,,,,2,2,1,,,,,,N,,N,12474,,,,N,2,,,,,,,,,1,1,,,,,,,,,N,,,,1,,,N,,,N,N,,N,,,,3536,2004-09-28 10:15:49,1004924,2004-09-28 10:15:49,1004924,2873079,VTH,204,1,3536,,-1,Vision01,1,,,,,1,1,126204,,,,126205,91496,,,,,,,126208,,,1,,,,,1,,,,2,2,2,30,0,,,,
,,,,,,,,,,,,,,,126842,,,,,2,,N,Y,,N,,,,N,1,,,Y,,,,,,,,,,,,,,2,,126839,126843,126841,126833,2,,,,,,,,,,,,,,,,,,,,,,,,,,,1,1,2,1002,,,,,,,2,2,1,,,,,,N,,N,14473,,,,N,2,,,,,,,,,1,1,,,,,,,,,N,5825,,,1,,,Y,,,N,N,,N,,,,5804,2005-10-20 09:06:01,1007262,2004-11-03 03:12:55,1007262,3507657,AD2,600,2,5804,40491,-1,Vision01,2,,,,,1,3,126828,126830,,126832,126838,126840,126831,126829,126828,126837,126835,126836,126842,,126834,4,10,,,,4,A,1,,2,2,2,30,0,,,,
,,,,,,,,,,,,,,,126860,,,,,2,,N,Y,,N,,,,N,1,,,Y,,,,,,,,,,,,,,2,,126857,126861,126859,126851,2,,,,,,,,,,,,,,,,,,,,,,,,,,,1,1,2,1002,,,,,,,2,2,1,,,,,,N,,N,14474,,,,N,2,,,,,,,,,1,1,,,,,,,,,N,,,,1,,,N,,,N,N,,N,,,,5805,2005-10-20 09:04:42,1007262,2004-11-03 06:37:55,1007262,3507657,AD3,600,2,5805,40492,-1,Vision01,2,,,,,1,3,126846,126848,,126850,126856,126858,126849,126847,126846,126855,126853,126854,126860,,126852,4,10,,,,4,A,1,,2,2,2,30,0,,,,
,,,,,,,,,,,,,,,126882,,,,,2,,N,Y,,N,,,,N,1,,,Y,,,,,,,,,,,,,,2,,126879,126883,126881,126873,2,,,,,,,,,,,,,,,,,,,,,,,,,,,1,1,2,1002,,,,,,,2,2,1,,,,,,N,,N,15473,,,,N,2,,,,,,,,,1,1,,,,,,,,,N,,,,1,,,N,,,N,N,,N,,,,5824,2005-10-20 09:05:30,1007262,2004-11-09 04:21:30,1007262,3507657,AD4,600,2,5824,40493,-1,Vision01,2,,,,,1,3,126868,126870,,126872,126878,126880,126871,126869,126868,126877,126875,126876,126882,,126874,4,10,,,,4,A,40001,,2,2,2,30,0,,,,
,,,,,,,,,,,,,,,126900,,,,,2,,N,Y,,N,,,,N,1,,,Y,,,,,,,,,,,,,,2,,126897,126901,126899,126891,2,,,,,,,,,,,,,,,,,,,,,,,,,,,1,1,2,1068,,,,,,,2,2,1,,,,,,N,,N,15474,,,,N,2,,,,,,,,,1,1,,,,,,,,,Y,5825,,,1,,,N,,,N,N,,N,,,,5825,2006-05-11 06:43:56,1003259,2004-11-09 05:25:45,1007262,3958957,AM1,600,2,5825,,-1,Vision01,2,69,,,,1,3,126886,126888,,126890,126896,126898,126889,126887,126886,126895,126893,126894,126900,,126892,4,10,,,,4,A,1,,2,2,2,30,0,,,,
,,,,,,,,,,,,,,,121890,,,,,,,N,Y,,,,,,N,1,,,Y,,,,,,,,,,,,,,2,,121890,121890,121892,121890,1,,,,,,,,,,,,,,,,,,,,,,,,,,,2,2,,,121890,,,,,,2,2,1,,,,,,N,,N,2425,,,,N,2,,,,,,,,,1,1,,,,N,,,,,N,,,,1,,,N,,,N,N,,N,,,,5317,2004-05-03 15:25:08,1008228,2004-05-03 15:25:08,1008228,2608290,IT,5317,1,5317,,-1,Standard,1,,,,,1,1,121890,121890,,121890,121890,121891,121890,121890,,,,,121890,121891,,1,,,,,1,,,,2,2,2,30,0,,,,
,,,,,,,,,,,,,,,12952,,,,,2,,N,Y,,N,,,,N,1,,,Y,,,,,,,,,,,,,,2,,14915,,12880,13186,1,,,,,,,,,,,,,,,,,,,,,,,,,,,2,1,,,,,,,,,2,2,1,,,,,,N,,N,5472,,,,N,2,,,,,,,,,1,1,,,,,,,,,N,,,,1,,,N,,,N,N,,N,,,,5441,2004-07-20 02:32:41,1068,2004-07-15 05:06:13,1068,2704293,XX4,204,1,5441,,-1,Vision01,2,,,,,1,1,13401,13513,,15339,14914,13402,15338,13512,13516,13780,14914,13779,12952,,15321,1,,,,,1,,1000,,2,2,2,30,0,,,,
,,,,,,,,,,,,,,,12952,,,,,2,,N,Y,,N,,,,N,1,,,Y,,,,,,,,,,,,,,2,,14915,,12880,13186,1,,,,,,,,,,,,,,,,,,,,,,,,,,,2,2,,,17366,,,,,,2,2,1,,,,,,N,,N,6471,,,,N,2,,,,,,,,,1,1,,,,,,,,,N,,,,1,,,N,,,N,N,,N,,,,5442,2005-03-17 13:47:40,1068,2004-07-15 05:21:20,1068,3120651,ST1,204,1,5442,19447,-1,Vision01,2,,,,,2,4,13401,13513,,15339,14914,13402,15338,13512,13516,13780,14914,13779,12952,,15321,1,,,,,1,,5000,,2,2,2,30,0,,,,
,,,,,,,,,,,,,,,129732,,,,,2,,N,Y,,N,,,,N,1,,,Y,,,,,,,,,,,,,,2,,129729,,129731,129727,1,,,,,,,,,,,,,,,,,,,,,,,,,,,2,1,,,,,,,,,2,2,1,,,,,,N,,N,23474,,,,N,2,,,,,,,,,1,1,,,,,,,,,N,,,,1,,,N,,,N,N,,N,,,,2849,2005-05-03 16:03:03,1008607,2004-07-20 09:07:09,1008607,3201823,HC0,2849,1,2849,,-1,Vision01,2,,,,,2,1,129722,129724,,129726,129728,129730,129725,129723,,,,,129732,,,1,,,,,1,,4300,,2,2,2,30,0,,,,
,,,,,,,,,,,,,,,127002,,,,,2,,N,Y,,N,,,,N,1,,,Y,,,,,,,,,,,,,,2,,126999,127003,127001,126993,2,,,,,,,,,,,,,,,,,,,,,,,,,,,1,1,2,1068,,,,,,,2,2,1,,,,,,N,,N,15475,,,,N,2,,,,,,,,,1,1,,,,,,,,,Y,5826,,,1,,,N,,,N,N,,N,,,,5826,2006-05-11 06:44:22,1003259,2004-11-09 06:16:21,1007262,3958957,AM2,600,2,5826,,-1,Vision01,2,,,,,1,3,126988,126990,,126992,126998,127000,126991,126989,126988,126997,126995,126996,127002,,126994,4,10,,,,4,A,1,,2,2,2,30,0,,,,
,,,,,,,,,,,,,,,128768,,,,,2,,N,Y,8,N,N,,,N,1,,,Y,,,,,,,,,,,,,,2,,128766,,128767,128764,1,,,,,,,,,,,,,,,,,,,,,,,,,,,2,2,,,,,,,,,2,1,1,,,,,,N,,N,17473,LPN,C,1,Y,2,,,14,13,,,,,1,1,,,,N,,,,,N,3158,,,1,,,N,,,N,N,,N,,,,6201,2005-06-09 11:28:06,2330,2005-03-23 10:16:57,2936,3293580,PD3,1080,1,6201,,-1,Process,2,,,,,1,2,88504,88506,,88507,128765,88503,88517,88505,88511,88428,128765,88403,128768,,88509,1,,,,,1,S,100000,L,2,2,2,30,0,,,,
,,,,,,,,,,,,,,,129732,,,,,2,,N,Y,,N,N,,,N,1,,,Y,,,,,,,,,,,,,,2,,129729,,129731,129727,1,,,,,,,,,,,,,,,,,,,,,,,,,,,2,1,,,,,,,,,2,2,1,,,,,,N,,N,27474,,,,N,2,,,,,,,,,1,1,,,,,,,,,N,,,,1,,,N,,,N,N,,N,,,,2869,2005-09-21 02:57:30,1008607,2005-09-12 00:17:35,1008607,3462365,HC9,2849,1,2869,,-1,Vision01,2,,,,,2,1,129722,129724,,129726,129728,129730,129725,129723,,,,,129732,,,1,,,,,1,88000,88000,,2,2,2,30,0,,,,
,,,,,,,,,,,,,,,136692,,,,,2,,N,Y,,N,N,,,N,1,,,Y,,,,,,,,,,,,,,2,,136689,139103,136691,,1,,,,,,,,,,,,,,,,,,,,,,,,,,,2,2,,,,,,,,,2,2,1,,,,,,N,,N,34478,,,,N,2,,,,,,,,,1,1,,,,,,,,,N,,,,1,,,N,,,N,N,,N,,,,7226,2006-05-24 14:35:13,1068,2006-05-24 14:35:13,1068,3972411,000,7226,1,7226,,-1,Vision01,1,,,,,1,1,136683,136685,,136687,136688,136690,136686,136684,,,,,136692,,,1,,,,,1,,,,2,2,2,30,0,,,,
,,,,,,,,,,,,,,,136692,,,,,2,,N,Y,,N,N,,,N,1,,,Y,,,,,,,,,,,,,,2,,136689,139103,136691,,1,,,,,,,,,,,,,,,,,,,,,,,,,,,2,2,,,,,,,,,2,2,1,,,,,,N,,N,34479,,,,N,2,,,,,,,,,1,1,,,,,,,,,N,,,,1,,,N,,,N,N,,N,,,,7186,2006-06-01 03:23:42,1011771,2006-05-24 14:48:42,1068,3979732,001,7226,1,7186,,-1,Vision01,1,,2,,,1,1,136683,136685,,136687,136688,136690,136686,136684,,,,,136692,,,1,,,,2,1,,19000,,2,2,2,30,0,,,,
,,,,,,,,,,,,,,,84378,,,,,,,N,Y,,,,,,,,,,,,,,,,,,,,,,,,2,,84377,,84095,84375,2,,,,,,,,,,,,,,,,,,,,,,,,,,,2,2,,,,,,,,,,2,1,,,,,,N,,N,1454,,,,N,,,,,,,,,,,,,,,,,,,,N,,,,,,,N,,,,,,,,,,626,2003-02-14 07:52:00,2046,1999-07-26 14:11:07,1318,1991981,E3,204,1,626,1079,-1,Vision01,2,,2,,,1,4,78035,84372,,84374,84376,84371,84373,78035,84371,84095,84376,84378,84378,84371,84376,4,10,,,2,1,U,19000,U,2,1,1,6,0,,,,
,,,,,,,,,,,,,,,108404,,,,,,,N,Y,,,,,,,,,,,,,,,,,,,,,,,,2,,108402,,108403,108397,2,,,,,,,,,,,,,,,,,,,,,,,,,,,2,2,,,,,,,,,,2,1,,,,,,N,,N,2139,,,,N,,,,,,,,,,,,,,,,,,,,N,,,,,,,N,,,,,,,,,,917,2003-09-25 19:40:47,2049,1999-07-27 16:16:36,2050,2336278,J2,204,1,917,,-1,Japan-CAL,1,2095,,,,2,1,108393,108394,,108396,108399,108307,108395,108393,108401,108400,108399,108307,108404,,108398,1,,,,,1,,,,2,2,2,,0,,,,
,,,,,,,,,,,,,,,130424,,,,,,,N,Y,,,,,,,,,,,,,,,,,,,,,,,,2,,130423,,98279,130422,1,,,,,,,,,,,,,,,,,,,,,,,,,,,2,2,,,,,,,,,,2,1,,,,,,N,,N,24474,,,,N,,,,,,,,,,,,,,,,,,,,N,,,,,,,N,,,,,,,,,,1016,2005-05-09 06:40:38,2191,1999-10-06 08:07:00,2191,3211306,E7,204,1,1016,,-1,Vision01,2,,,,,1,1,130422,130422,,130422,130423,130423,130422,130422,,,,,130424,130423,,1,,,,,1,,0001,,2,2,2,30,0,,,,
,,,,,,,,,,,,,,,87110,,,,,,,N,Y,,,,,,,,,,,,,,,,,,,,,,,,2,,87114,,23012,21720,2,,,,,,,,,,,,,,,,,,,,,,,,,,,2,2,,,,,,,,,,2,1,,,,,,N,,N,1182,,,,N,,,,,,,,,,,,,,,,,,,,N,,,,,,,N,,,,,,,,,,1018,2003-02-18 02:49:57,2189,1999-10-06 08:08:23,2189,2011026,E8,204,1,1018,800,-1,Vision01,2,,2,,,1,4,21720,21720,,21720,27268,22987,21720,21720,87117,87116,87115,24356,87110,87159,87107,4,10,,,2,1,B,15000,B,2,1,1,6,0,,,,
,,,,,,,,,,,,,,,22927,,,,,,,N,Y,,,,,,,,,,,,,,,,,,,,,,,,1,,22923,,22926,22921,2,,,,,,,,,,,,,,,,,,,,,,,,,,,1,2,1,,,,,,,,,2,1,,,,,,N,,N,1185,,,,N,,,,,,,,,,,,,,,,,,,,,,,,,,,N,,,,,,,,,,1017,2001-06-13 06:09:36,2190,1999-10-06 08:19:05,2190,991393,E6,204,1,1017,802,-1,Vision01,1,2,2,,,1,4,22916,22918,,22920,22922,22924,22919,22917,,24109,27272,27273,22927,22925,27271,4,10,,,2,1,I,30000,I,1,1,1,6,0,,,,
,,,,,,,,,,,,,,,21750,,,,,,,N,Y,,,,,,,,,,,,,,,,,,,,,,,,2,,21747,,21749,21741,2,,,,,,,,,,,,,,,,,,,,,,,,,,,2,2,,,,,,,,,,2,,,,,,,N,,N,1186,,,,N,,,,,,,,,,,,,,,,,,,,,,,,,,,N,,,,,,,,,,1036,1999-10-06 17:05:53,2209,1999-10-06 17:05:53,2209,358086,L1,204,1,1036,,-1,Vision01,2,,,,,1,1,21736,21738,,21740,21743,21748,21739,21737,21746,21745,21743,21744,21750,,21742,1,,,,2,1,,,,1,1,2,30,A,,,,
,,,,,,,,,,,,,,,22969,,,,,,,N,Y,,,,,,,,,,,,,,,,,,,,,,,,2,,22971,,22973,22969,1,,,,,,,,,,,,,,,,,,,,,,,,,,,2,2,,,,,,,,,,2,,,,,,,N,,N,1187,,,,N,,,,,,,,,,,,,,,,,,,,,,,,,,,N,,,,,,,,,,1080,1999-12-08 12:15:01,1318,1999-12-07 13:02:11,1318,367962,PR,1080,1,1080,,-1,Vision01,1,,,,,1,1,22968,22968,,22968,22970,22972,22968,22968,22968,23005,22970,23004,22969,,23003,1,,,,,1,,,,2,2,2,30,0,,,,
,,,,,,,,,,,,,,,22969,,,,,,,N,Y,,,,,,,,,,,,,,,,,,,,,,,,2,,22971,,22973,22969,1,,,,,,,,,,,,,,,,,,,,,,,,,,,2,2,,,,,,,,,,2,1,,,,,,N,,N,1188,,,,N,,,,,,,,,,,,,,,,,,,,,,,,,,,N,,,,,,,,,,997,2000-06-21 13:00:19,2936,1999-12-07 13:16:10,1318,444504,PL1,1080,1,997,,-1,Vision01,1,,,,,1,1,22968,22968,,22968,22970,22972,22968,22968,22968,23005,22970,23004,22969,,23003,1,,,,,1,,,,2,2,2,30,0,,,,
,,,,,,,,,,,,,,,22969,,,,,,,N,Y,,,,,,,,,,,,,,,,,,,,,,,,2,,22971,,22973,22969,1,,,,,,,,,,,,,,,,,,,,,,,,,,,2,2,,,,,,,,,,2,1,,,,,,N,,N,1189,,,,N,,,,,,,,,,,,,,,,,,,,,,,,,,,N,,,,,,,,,,998,2000-06-21 13:01:31,2936,1999-12-07 13:49:07,1318,444504,PL2,1080,1,998,,-1,Vision01,1,,,,,1,1,22968,22968,,22968,22970,22972,22968,22968,22968,23005,22970,23004,22969,,23003,1,,,,,1,,,,2,2,2,30,0,,,,
,,,,,,,,,,,,,,,22969,,,,,,,N,Y,,,,,,,,,,,,,,,,,,,,,,,,2,,22971,,22973,22969,1,,,,,,,,,,,,,,,,,,,,,,,,,,,2,2,,,,,,,,,2,2,1,,,,,,N,,N,1190,,,,N,,,,,,,,,,,,,,,,,,,,,,,,,,,N,,,,,,,,,,999,2000-06-21 13:02:24,2936,2000-01-04 14:21:28,1318,444504,PL3,1080,1,999,,-1,Vision01,1,,,,,1,1,22968,22968,,22968,22970,22972,22968,22968,22968,23005,22970,23004,22969,,23003,1,,,,,1,,,,2,2,2,30,0,,,,
,,,,,,,,,,,,,,,22969,,,,,,,N,Y,,,,,,,,,,,,,,,,,,,,,,,,2,,22971,,22973,22969,1,,,,,,,,,,,,,,,,,,,,,,,,,,,2,2,,,,,,,,,2,2,1,,,,,,N,,N,1191,,,,N,,,,,,,,,,,,,,,,,,,,,,,,,,,N,,,,,,,,,,1000,2000-06-21 13:03:09,2936,2000-01-04 14:40:30,1318,444504,PL4,1080,1,1000,,-1,Vision01,1,,,,,1,1,22968,22968,,22968,22970,22972,22968,22968,22968,23005,22970,23004,22969,,23003,1,,,,,1,,,,2,2,2,30,0,,,,
,,,,,,,,,,,,,,,88538,,,,,,,N,Y,,,,,,,,,,,,,,,,,,,,,,,,2,,88536,,88537,88534,1,,,,,,,,,,,,,,,,,,,,,,,,,,,2,2,,,,,,,,,2,2,1,,,,,,Y,TR1,N,1646,,,,N,,,,,,,,,,,,,,,,,,,,N,,,,,,,N,,,,,,,,,,1198,2002-10-16 18:54:39,2330,2000-01-17 11:12:15,2330,1836633,TR1,1080,1,1198,,-1,Vision01,1,,,,,1,1,88504,88506,,88507,88535,88503,88517,88505,88511,88428,88535,88403,88538,,88509,1,,,,,1,,,,2,2,2,30,0,,,,
,,,,,,,,,,,,,,,15357,,,,,,,N,Y,,,,,,,,,,,,,,,,,,,,,,,,2,,15355,,15356,15028,1,,,,,,,,,,,,,,,,,,,,,,,,,,,2,2,,,,,,,,,2,2,1,,,,,,N,,N,1193,,,,N,,,,,,,,,,,,,,,,,,,,,,,,,,,N,,,,,,,,,,1081,2000-01-20 18:45:54,1319,2000-01-20 18:36:14,1319,372625,VRD,1081,1,1081,,-1,Vision01,2,,,,,1,1,15346,15348,,15346,15351,15311,15349,15347,15354,15353,15351,15352,15357,,15350,1,,,,,1,,,,2,2,2,30,0,,,,
,,,,,,,,,,,,,,,22972,,,,,,,N,Y,,,,,,,,,,,,,,,,,,,,,,,,2,,22971,,22973,22969,1,,,,,,,,,,,,,,,,,,,,,,,,,,,2,2,,,,,,,,,2,2,1,,,,,,N,,N,1194,,,,N,,,,,,,,,,,,,,,,,,,,,,,,,,,N,,,,,,,,,,1378,2000-04-04 13:06:36,2999,2000-04-04 13:06:36,2999,440810,zxx,1080,1,1378,,-1,Vision01,1,,,,,1,1,22968,22968,,22968,22970,22972,22968,22968,22968,23005,22970,23004,22972,,23003,1,,,,,1,,,,2,2,2,30,0,,,,
,,,,,,,,,,,,,,,88516,,,,,,Y,N,Y,,,,,,,,,Y,,,,,,,,,,,,,,,2,,88514,,88515,88518,2,,,,,,,,,,,,,,,,,,,,,,,,,,,2,2,,,,,,,,,,2,1,,,,,,Y,PR1,N,1642,,,,N,,,,,,,,,,,,,,,,,,,,N,3158,,,,,,N,,,,,,,,,,1381,2007-01-09 17:58:10,2330,1999-12-07 13:02:11,1318,4555428,PR1,1080,1,1381,,-1,Process,2,2,10509,,,1,4,88504,88506,,88507,88513,88503,88517,88505,88511,88428,88513,88403,88516,,88509,1,,,,2,1,,,L,2,2,2,30,0,,,,
,,,,,,,,,,,,,,,88522,,,,,,,N,Y,,,,,,,,,,,,,,,,,,,,,,,,2,,88520,,88521,88523,1,,,,,,,,,,,,,,,,,,,,,,,,,,,2,2,,,,,,,,,,2,1,,,,,,Y,PR2,N,1643,,,,N,,,,,,,,,,,,,,,,,,,,N,,,,,,,N,,,,,,,,,,1382,2007-01-09 17:58:46,2330,1999-12-07 13:02:11,1318,4555428,PR2,1080,1,1382,,-1,Vision01,2,2,10509,,,1,4,88504,88506,,88507,88519,88503,88517,88505,88511,88428,88519,88403,88522,,88509,1,,,,,1,,0000001,,2,2,2,30,0,,,,
,,,,,,,,,,,,,,,88527,,,,,,,N,Y,,,,,,,,,,,,,,,,,,,,,,,,2,,88525,,88526,88528,1,,,,,,,,,,,,,,,,,,,,,,,,,,,2,2,,,,,,,,,,2,1,,,,,,Y,PR3,N,1644,,,,N,,,,,,,,,,,,,,,,,,,,N,,,,,,,N,,,,,,,,,,1383,2007-01-09 17:59:11,2330,1999-12-07 13:02:11,1318,4555428,PR3,1080,1,1383,,-1,Vision01,2,2,10509,,,1,4,88504,88506,,88507,88524,88503,88517,88505,88511,88428,88524,88403,88527,,88509,1,,,,,1,,000001,,2,2,2,30,0,,,,
,,,,,,,,,,,,,,,88532,,,,,,,N,Y,,,,,,,,,,,,,,,,,,,,,,,,2,,88530,,88531,88533,1,,,,,,,,,,,,,,,,,,,,,,,,,,,2,2,,,,,,,,,,1,1,,,,,,Y,PR4,N,1645,,,,Y,,,,14,13,,,,,1,,,,,,,,,,N,,,,,,,N,,,,,,,,,,1384,2007-09-06 11:43:43,2330,1999-12-07 13:02:11,1318,4904119,PR4,1080,1,1384,,-1,Vision01,2,2,2,,,1,2,88504,88506,,88507,88529,88503,88517,88505,88511,88428,88529,88403,88532,,88509,1,,,,,1,,00001,,2,2,2,30,0,,,,
,,,,,,,,,,,,,,,88547,,,,,,,N,Y,,,,,,,,,,,,,,,,,,,,,,,,2,,88545,,88546,88548,1,,,,,,,,,,,,,,,,,,,,,,,,,,,2,2,,,,,,,,,,2,1,,,,,,Y,TR1,N,1648,,,,N,,,,,,,,,,,,,,,,,,,,N,,,,,,,N,,,,,,,,,,1385,2002-10-16 19:10:29,2330,1999-12-07 13:02:11,1318,1836633,TW1,1080,1,1385,,-1,Vision01,1,,,,,1,1,88504,88506,,88507,88544,88503,88517,88505,88511,88428,88544,88403,88547,,88509,1,,,,,1,,,,2,2,2,30,0,,,,
